image_id,image_path,fashionpedia_category,clothing_type_hint,environment,clothing_type,color,vibe
23,fashionpedia_000023.jpg,23,casual hoodie or t-shirt,urban street,formal blazer or button-down shirt,brown,casual relaxed
25,fashionpedia_000025.jpg,2,casual hoodie or t-shirt,urban street,casual hoodie or t-shirt,red,trendy streetwear
26,fashionpedia_000026.jpg,13,casual hoodie or t-shirt,urban street,outerwear jacket or coat,yellow,trendy streetwear
27,fashionpedia_000027.jpg,6,casual hoodie or t-shirt,urban street,outerwear jacket or coat,blue,casual relaxed
28,fashionpedia_000028.jpg,10,casual hoodie or t-shirt,urban street,outerwear jacket or coat,black,trendy streetwear
29,fashionpedia_000029.jpg,10,casual hoodie or t-shirt,urban street,formal blazer or button-down shirt,red,professional formal
30,fashionpedia_000030.jpg,10,casual hoodie or t-shirt,urban street,outerwear jacket or coat,white,professional formal
31,fashionpedia_000031.jpg,1,casual hoodie or t-shirt,urban street,casual hoodie or t-shirt,gray,trendy streetwear
32,fashionpedia_000032.jpg,23,casual hoodie or t-shirt,urban street,outerwear jacket or coat,white,professional formal
33,fashionpedia_000033.jpg,23,casual hoodie or t-shirt,urban street,formal blazer or button-down shirt,white,casual relaxed
34,fashionpedia_000034.jpg,1,casual hoodie or t-shirt,urban street,outerwear jacket or coat,pink,professional formal
35,fashionpedia_000035.jpg,10,casual hoodie or t-shirt,urban street,outerwear jacket or coat,red,trendy streetwear
36,fashionpedia_000036.jpg,10,casual hoodie or t-shirt,urban street,formal blazer or button-down shirt,brown,professional formal
37,fashionpedia_000037.jpg,10,casual hoodie or t-shirt,urban street,outerwear jacket or coat,red,professional formal
38,fashionpedia_000038.jpg,10,casual hoodie or t-shirt,urban street,formal blazer or button-down shirt,white,casual relaxed
39,fashionpedia_000039.jpg,31,casual hoodie or t-shirt,urban street,formal blazer or button-down shirt,brown,casual relaxed
40,fashionpedia_000040.jpg,10,casual hoodie or t-shirt,urban street,outerwear jacket or coat,black,professional formal
41,fashionpedia_000041.jpg,10,casual hoodie or t-shirt,urban street,formal blazer or button-down shirt,blue,professional formal
42,fashionpedia_000042.jpg,29,casual hoodie or t-shirt,urban street,outerwear jacket or coat,brown,cozy comfortable
43,fashionpedia_000043.jpg,33,casual hoodie or t-shirt,urban street,formal blazer or button-down shirt,pink,casual relaxed
44,fashionpedia_000044.jpg,11,casual hoodie or t-shirt,urban street,formal blazer or button-down shirt,blue,professional formal
45,fashionpedia_000045.jpg,11,casual hoodie or t-shirt,urban street,formal blazer or button-down shirt,pink,casual relaxed
46,fashionpedia_000046.jpg,1,casual hoodie or t-shirt,park outdoors,casual hoodie or t-shirt,green,casual relaxed
47,fashionpedia_000047.jpg,0,casual hoodie or t-shirt,park outdoors,outerwear jacket or coat,red,trendy streetwear
48,fashionpedia_000048.jpg,10,casual hoodie or t-shirt,urban street,formal blazer or button-down shirt,green,casual relaxed
49,fashionpedia_000049.jpg,1,casual hoodie or t-shirt,urban street,formal blazer or button-down shirt,black,professional formal
50,fashionpedia_000050.jpg,1,casual hoodie or t-shirt,urban street,outerwear jacket or coat,brown,professional formal
51,fashionpedia_000051.jpg,10,casual hoodie or t-shirt,urban street,outerwear jacket or coat,pink,professional formal
52,fashionpedia_000052.jpg,4,casual hoodie or t-shirt,urban street,formal blazer or button-down shirt,gray,professional formal
53,fashionpedia_000053.jpg,19,casual hoodie or t-shirt,urban street,formal blazer or button-down shirt,pink,professional formal
54,fashionpedia_000054.jpg,10,casual hoodie or t-shirt,urban street,outerwear jacket or coat,brown,professional formal
55,fashionpedia_000055.jpg,23,casual hoodie or t-shirt,urban street,formal blazer or button-down shirt,brown,trendy streetwear
56,fashionpedia_000056.jpg,23,casual hoodie or t-shirt,urban street,outerwear jacket or coat,yellow,professional formal
57,fashionpedia_000057.jpg,7,casual hoodie or t-shirt,urban street,formal blazer or button-down shirt,white,casual relaxed
59,fashionpedia_000059.jpg,10,casual hoodie or t-shirt,urban street,formal blazer or button-down shirt,blue,casual relaxed
60,fashionpedia_000060.jpg,10,casual hoodie or t-shirt,urban street,formal blazer or button-down shirt,red,trendy streetwear
61,fashionpedia_000061.jpg,33,casual hoodie or t-shirt,urban street,outerwear jacket or coat,brown,casual relaxed
62,fashionpedia_000062.jpg,8,casual hoodie or t-shirt,urban street,formal blazer or button-down shirt,white,cozy comfortable
63,fashionpedia_000063.jpg,27,casual hoodie or t-shirt,park outdoors,casual hoodie or t-shirt,blue,professional formal
64,fashionpedia_000064.jpg,14,casual hoodie or t-shirt,park outdoors,formal blazer or button-down shirt,yellow,casual relaxed
65,fashionpedia_000065.jpg,31,casual hoodie or t-shirt,urban street,outerwear jacket or coat,gray,casual relaxed
66,fashionpedia_000066.jpg,10,casual hoodie or t-shirt,urban street,formal blazer or button-down shirt,white,casual relaxed
67,fashionpedia_000067.jpg,23,casual hoodie or t-shirt,office interior,formal blazer or button-down shirt,blue,casual relaxed
68,fashionpedia_000068.jpg,11,casual hoodie or t-shirt,urban street,formal blazer or button-down shirt,white,casual relaxed
69,fashionpedia_000069.jpg,4,casual hoodie or t-shirt,urban street,casual hoodie or t-shirt,green,trendy streetwear
70,fashionpedia_000070.jpg,4,casual hoodie or t-shirt,urban street,casual hoodie or t-shirt,gray,cozy comfortable
71,fashionpedia_000071.jpg,10,casual hoodie or t-shirt,urban street,outerwear jacket or coat,black,professional formal
72,fashionpedia_000072.jpg,31,casual hoodie or t-shirt,urban street,outerwear jacket or coat,black,trendy streetwear
73,fashionpedia_000073.jpg,23,casual hoodie or t-shirt,urban street,outerwear jacket or coat,green,professional formal
74,fashionpedia_000074.jpg,31,casual hoodie or t-shirt,urban street,outerwear jacket or coat,blue,professional formal
76,fashionpedia_000076.jpg,10,casual hoodie or t-shirt,urban street,formal blazer or button-down shirt,pink,casual relaxed
77,fashionpedia_000077.jpg,1,casual hoodie or t-shirt,urban street,outerwear jacket or coat,white,casual relaxed
78,fashionpedia_000078.jpg,33,casual hoodie or t-shirt,urban street,formal blazer or button-down shirt,blue,professional formal
79,fashionpedia_000079.jpg,23,casual hoodie or t-shirt,urban street,outerwear jacket or coat,black,professional formal
80,fashionpedia_000080.jpg,23,casual hoodie or t-shirt,urban street,formal blazer or button-down shirt,black,casual relaxed
81,fashionpedia_000081.jpg,10,casual hoodie or t-shirt,urban street,outerwear jacket or coat,black,professional formal
82,fashionpedia_000082.jpg,23,casual hoodie or t-shirt,office interior,formal blazer or button-down shirt,yellow,professional formal
83,fashionpedia_000083.jpg,31,casual hoodie or t-shirt,urban street,outerwear jacket or coat,yellow,casual relaxed
84,fashionpedia_000084.jpg,33,casual hoodie or t-shirt,urban street,outerwear jacket or coat,white,professional formal
85,fashionpedia_000085.jpg,1,casual hoodie or t-shirt,urban street,outerwear jacket or coat,brown,casual relaxed
86,fashionpedia_000086.jpg,4,casual hoodie or t-shirt,urban street,outerwear jacket or coat,gray,trendy streetwear
87,fashionpedia_000087.jpg,31,casual hoodie or t-shirt,urban street,outerwear jacket or coat,pink,cozy comfortable
88,fashionpedia_000088.jpg,23,casual hoodie or t-shirt,urban street,outerwear jacket or coat,white,casual relaxed
89,fashionpedia_000089.jpg,10,casual hoodie or t-shirt,urban street,outerwear jacket or coat,black,professional formal
90,fashionpedia_000090.jpg,11,casual hoodie or t-shirt,office interior,outerwear jacket or coat,orange,trendy streetwear
91,fashionpedia_000091.jpg,23,casual hoodie or t-shirt,urban street,outerwear jacket or coat,yellow,professional formal
92,fashionpedia_000092.jpg,10,casual hoodie or t-shirt,urban street,outerwear jacket or coat,brown,professional formal
94,fashionpedia_000094.jpg,3,casual hoodie or t-shirt,urban street,formal blazer or button-down shirt,white,casual relaxed
95,fashionpedia_000095.jpg,4,casual hoodie or t-shirt,urban street,formal blazer or button-down shirt,gray,professional formal
96,fashionpedia_000096.jpg,28,casual hoodie or t-shirt,urban street,formal blazer or button-down shirt,gray,professional formal
97,fashionpedia_000097.jpg,8,casual hoodie or t-shirt,urban street,formal blazer or button-down shirt,brown,professional formal
98,fashionpedia_000098.jpg,10,casual hoodie or t-shirt,urban street,formal blazer or button-down shirt,white,professional formal
99,fashionpedia_000099.jpg,23,casual hoodie or t-shirt,urban street,formal blazer or button-down shirt,green,casual relaxed
100,fashionpedia_000100.jpg,13,casual hoodie or t-shirt,urban street,outerwear jacket or coat,brown,cozy comfortable
101,fashionpedia_000101.jpg,1,casual hoodie or t-shirt,urban street,casual hoodie or t-shirt,blue,cozy comfortable
102,fashionpedia_000102.jpg,33,casual hoodie or t-shirt,urban street,formal blazer or button-down shirt,white,professional formal
103,fashionpedia_000103.jpg,0,casual hoodie or t-shirt,urban street,formal blazer or button-down shirt,brown,trendy streetwear
104,fashionpedia_000104.jpg,10,casual hoodie or t-shirt,urban street,outerwear jacket or coat,white,casual relaxed
105,fashionpedia_000105.jpg,33,casual hoodie or t-shirt,urban street,formal blazer or button-down shirt,blue,trendy streetwear
106,fashionpedia_000106.jpg,6,casual hoodie or t-shirt,urban street,outerwear jacket or coat,black,trendy streetwear
107,fashionpedia_000107.jpg,3,casual hoodie or t-shirt,urban street,casual hoodie or t-shirt,white,casual relaxed
108,fashionpedia_000108.jpg,10,casual hoodie or t-shirt,urban street,formal blazer or button-down shirt,blue,casual relaxed
109,fashionpedia_000109.jpg,23,casual hoodie or t-shirt,urban street,outerwear jacket or coat,gray,trendy streetwear
110,fashionpedia_000110.jpg,10,casual hoodie or t-shirt,urban street,formal blazer or button-down shirt,orange,casual relaxed
111,fashionpedia_000111.jpg,6,casual hoodie or t-shirt,urban street,formal blazer or button-down shirt,black,casual relaxed
112,fashionpedia_000112.jpg,25,casual hoodie or t-shirt,urban street,casual hoodie or t-shirt,blue,trendy streetwear
113,fashionpedia_000113.jpg,18,casual hoodie or t-shirt,park outdoors,casual hoodie or t-shirt,red,trendy streetwear
114,fashionpedia_000114.jpg,15,casual hoodie or t-shirt,urban street,outerwear jacket or coat,white,professional formal
115,fashionpedia_000115.jpg,15,casual hoodie or t-shirt,urban street,outerwear jacket or coat,pink,cozy comfortable
116,fashionpedia_000116.jpg,23,casual hoodie or t-shirt,urban street,outerwear jacket or coat,yellow,trendy streetwear
117,fashionpedia_000117.jpg,14,casual hoodie or t-shirt,park outdoors,formal blazer or button-down shirt,brown,casual relaxed
118,fashionpedia_000118.jpg,6,casual hoodie or t-shirt,urban street,casual hoodie or t-shirt,gray,trendy streetwear
119,fashionpedia_000119.jpg,10,casual hoodie or t-shirt,urban street,formal blazer or button-down shirt,red,casual relaxed
120,fashionpedia_000120.jpg,33,casual hoodie or t-shirt,urban street,formal blazer or button-down shirt,blue,casual relaxed
121,fashionpedia_000121.jpg,23,casual hoodie or t-shirt,urban street,formal blazer or button-down shirt,gray,professional formal
122,fashionpedia_000122.jpg,10,casual hoodie or t-shirt,urban street,outerwear jacket or coat,black,professional formal
123,fashionpedia_000123.jpg,10,casual hoodie or t-shirt,urban street,outerwear jacket or coat,white,casual relaxed
124,fashionpedia_000124.jpg,10,casual hoodie or t-shirt,urban street,formal blazer or button-down shirt,brown,trendy streetwear
125,fashionpedia_000125.jpg,0,casual hoodie or t-shirt,urban street,outerwear jacket or coat,black,trendy streetwear
126,fashionpedia_000126.jpg,6,casual hoodie or t-shirt,urban street,outerwear jacket or coat,brown,casual relaxed
127,fashionpedia_000127.jpg,1,casual hoodie or t-shirt,urban street,outerwear jacket or coat,black,trendy streetwear
128,fashionpedia_000128.jpg,23,casual hoodie or t-shirt,urban street,casual hoodie or t-shirt,pink,trendy streetwear
129,fashionpedia_000129.jpg,6,casual hoodie or t-shirt,urban street,outerwear jacket or coat,black,trendy streetwear
130,fashionpedia_000130.jpg,23,casual hoodie or t-shirt,urban street,outerwear jacket or coat,brown,trendy streetwear
131,fashionpedia_000131.jpg,10,casual hoodie or t-shirt,urban street,outerwear jacket or coat,gray,trendy streetwear
132,fashionpedia_000132.jpg,8,casual hoodie or t-shirt,urban street,formal blazer or button-down shirt,brown,casual relaxed
133,fashionpedia_000133.jpg,10,casual hoodie or t-shirt,urban street,outerwear jacket or coat,red,professional formal
134,fashionpedia_000134.jpg,31,casual hoodie or t-shirt,urban street,casual hoodie or t-shirt,pink,casual relaxed
135,fashionpedia_000135.jpg,14,casual hoodie or t-shirt,urban street,outerwear jacket or coat,orange,casual relaxed
136,fashionpedia_000136.jpg,10,casual hoodie or t-shirt,urban street,outerwear jacket or coat,black,professional formal
137,fashionpedia_000137.jpg,0,casual hoodie or t-shirt,urban street,formal blazer or button-down shirt,brown,professional formal
138,fashionpedia_000138.jpg,1,casual hoodie or t-shirt,urban street,formal blazer or button-down shirt,black,casual relaxed
139,fashionpedia_000139.jpg,23,casual hoodie or t-shirt,urban street,formal blazer or button-down shirt,white,casual relaxed
140,fashionpedia_000140.jpg,10,casual hoodie or t-shirt,urban street,outerwear jacket or coat,brown,professional formal
141,fashionpedia_000141.jpg,10,casual hoodie or t-shirt,park outdoors,formal blazer or button-down shirt,blue,casual relaxed
142,fashionpedia_000142.jpg,1,casual hoodie or t-shirt,park outdoors,outerwear jacket or coat,blue,casual relaxed
143,fashionpedia_000143.jpg,33,casual hoodie or t-shirt,urban street,outerwear jacket or coat,white,professional formal
144,fashionpedia_000144.jpg,33,casual hoodie or t-shirt,office interior,formal blazer or button-down shirt,black,casual relaxed
145,fashionpedia_000145.jpg,33,casual hoodie or t-shirt,urban street,outerwear jacket or coat,brown,professional formal
146,fashionpedia_000146.jpg,29,casual hoodie or t-shirt,urban street,outerwear jacket or coat,black,casual relaxed
147,fashionpedia_000147.jpg,8,casual hoodie or t-shirt,urban street,formal blazer or button-down shirt,blue,professional formal
148,fashionpedia_000148.jpg,10,casual hoodie or t-shirt,urban street,outerwear jacket or coat,white,professional formal
149,fashionpedia_000149.jpg,23,casual hoodie or t-shirt,urban street,outerwear jacket or coat,green,trendy streetwear
150,fashionpedia_000150.jpg,1,casual hoodie or t-shirt,urban street,formal blazer or button-down shirt,white,trendy streetwear
151,fashionpedia_000151.jpg,23,casual hoodie or t-shirt,urban street,outerwear jacket or coat,orange,casual relaxed
152,fashionpedia_000152.jpg,23,casual hoodie or t-shirt,urban street,outerwear jacket or coat,brown,professional formal
153,fashionpedia_000153.jpg,23,casual hoodie or t-shirt,urban street,outerwear jacket or coat,white,trendy streetwear
154,fashionpedia_000154.jpg,33,casual hoodie or t-shirt,urban street,outerwear jacket or coat,orange,professional formal
155,fashionpedia_000155.jpg,4,casual hoodie or t-shirt,urban street,outerwear jacket or coat,blue,cozy comfortable
156,fashionpedia_000156.jpg,23,casual hoodie or t-shirt,urban street,formal blazer or button-down shirt,red,professional formal
157,fashionpedia_000157.jpg,1,casual hoodie or t-shirt,urban street,outerwear jacket or coat,black,trendy streetwear
158,fashionpedia_000158.jpg,1,casual hoodie or t-shirt,urban street,formal blazer or button-down shirt,white,professional formal
159,fashionpedia_000159.jpg,10,casual hoodie or t-shirt,urban street,formal blazer or button-down shirt,red,professional formal
160,fashionpedia_000160.jpg,10,casual hoodie or t-shirt,urban street,outerwear jacket or coat,black,casual relaxed
161,fashionpedia_000161.jpg,10,casual hoodie or t-shirt,urban street,formal blazer or button-down shirt,white,professional formal
162,fashionpedia_000162.jpg,9,casual hoodie or t-shirt,urban street,outerwear jacket or coat,brown,cozy comfortable
163,fashionpedia_000163.jpg,13,casual hoodie or t-shirt,park outdoors,outerwear jacket or coat,red,professional formal
164,fashionpedia_000164.jpg,14,casual hoodie or t-shirt,urban street,formal blazer or button-down shirt,brown,professional formal
165,fashionpedia_000165.jpg,23,casual hoodie or t-shirt,urban street,formal blazer or button-down shirt,orange,trendy streetwear
166,fashionpedia_000166.jpg,10,casual hoodie or t-shirt,urban street,outerwear jacket or coat,black,trendy streetwear
167,fashionpedia_000167.jpg,24,casual hoodie or t-shirt,urban street,outerwear jacket or coat,yellow,trendy streetwear
168,fashionpedia_000168.jpg,31,casual hoodie or t-shirt,park outdoors,casual hoodie or t-shirt,yellow,casual relaxed
169,fashionpedia_000169.jpg,33,casual hoodie or t-shirt,urban street,formal blazer or button-down shirt,black,casual relaxed
170,fashionpedia_000170.jpg,10,casual hoodie or t-shirt,urban street,outerwear jacket or coat,brown,professional formal
171,fashionpedia_000171.jpg,1,casual hoodie or t-shirt,urban street,outerwear jacket or coat,brown,casual relaxed
172,fashionpedia_000172.jpg,33,casual hoodie or t-shirt,urban street,formal blazer or button-down shirt,pink,casual relaxed
173,fashionpedia_000173.jpg,13,casual hoodie or t-shirt,urban street,formal blazer or button-down shirt,green,trendy streetwear
174,fashionpedia_000174.jpg,34,casual hoodie or t-shirt,urban street,outerwear jacket or coat,brown,casual relaxed
175,fashionpedia_000175.jpg,15,casual hoodie or t-shirt,urban street,formal blazer or button-down shirt,pink,trendy streetwear
176,fashionpedia_000176.jpg,10,casual hoodie or t-shirt,park outdoors,formal blazer or button-down shirt,green,casual relaxed
177,fashionpedia_000177.jpg,4,casual hoodie or t-shirt,urban street,outerwear jacket or coat,brown,cozy comfortable
178,fashionpedia_000178.jpg,23,casual hoodie or t-shirt,urban street,outerwear jacket or coat,black,trendy streetwear
179,fashionpedia_000179.jpg,10,casual hoodie or t-shirt,urban street,outerwear jacket or coat,black,trendy streetwear
180,fashionpedia_000180.jpg,10,casual hoodie or t-shirt,urban street,outerwear jacket or coat,brown,professional formal
181,fashionpedia_000181.jpg,31,casual hoodie or t-shirt,urban street,outerwear jacket or coat,brown,professional formal
182,fashionpedia_000182.jpg,23,casual hoodie or t-shirt,urban street,formal blazer or button-down shirt,blue,professional formal
183,fashionpedia_000183.jpg,23,casual hoodie or t-shirt,urban street,outerwear jacket or coat,red,trendy streetwear
184,fashionpedia_000184.jpg,38,casual hoodie or t-shirt,urban street,formal blazer or button-down shirt,gray,casual relaxed
185,fashionpedia_000185.jpg,8,casual hoodie or t-shirt,park outdoors,formal blazer or button-down shirt,red,casual relaxed
186,fashionpedia_000186.jpg,10,casual hoodie or t-shirt,urban street,outerwear jacket or coat,black,professional formal
187,fashionpedia_000187.jpg,23,casual hoodie or t-shirt,urban street,formal blazer or button-down shirt,yellow,casual relaxed
188,fashionpedia_000188.jpg,10,casual hoodie or t-shirt,urban street,formal blazer or button-down shirt,green,casual relaxed
189,fashionpedia_000189.jpg,1,casual hoodie or t-shirt,urban street,outerwear jacket or coat,green,trendy streetwear
190,fashionpedia_000190.jpg,23,casual hoodie or t-shirt,urban street,outerwear jacket or coat,green,professional formal
191,fashionpedia_000191.jpg,10,casual hoodie or t-shirt,urban street,formal blazer or button-down shirt,white,professional formal
192,fashionpedia_000192.jpg,14,casual hoodie or t-shirt,park outdoors,casual hoodie or t-shirt,blue,trendy streetwear
193,fashionpedia_000193.jpg,10,casual hoodie or t-shirt,office interior,outerwear jacket or coat,white,professional formal
194,fashionpedia_000194.jpg,23,casual hoodie or t-shirt,urban street,outerwear jacket or coat,brown,professional formal
195,fashionpedia_000195.jpg,0,casual hoodie or t-shirt,urban street,formal blazer or button-down shirt,brown,trendy streetwear
196,fashionpedia_000196.jpg,1,casual hoodie or t-shirt,urban street,casual hoodie or t-shirt,white,casual relaxed
198,fashionpedia_000198.jpg,10,casual hoodie or t-shirt,urban street,outerwear jacket or coat,red,professional formal
199,fashionpedia_000199.jpg,1,casual hoodie or t-shirt,office interior,formal blazer or button-down shirt,gray,casual relaxed
200,fashionpedia_000200.jpg,32,casual hoodie or t-shirt,urban street,formal blazer or button-down shirt,blue,casual relaxed
201,fashionpedia_000201.jpg,23,casual hoodie or t-shirt,urban street,formal blazer or button-down shirt,red,professional formal
202,fashionpedia_000202.jpg,10,casual hoodie or t-shirt,urban street,outerwear jacket or coat,black,professional formal
203,fashionpedia_000203.jpg,11,casual hoodie or t-shirt,urban street,formal blazer or button-down shirt,brown,trendy streetwear
204,fashionpedia_000204.jpg,5,casual hoodie or t-shirt,urban street,outerwear jacket or coat,yellow,trendy streetwear
205,fashionpedia_000205.jpg,13,casual hoodie or t-shirt,urban street,formal blazer or button-down shirt,brown,casual relaxed
206,fashionpedia_000206.jpg,11,casual hoodie or t-shirt,urban street,outerwear jacket or coat,gray,trendy streetwear
207,fashionpedia_000207.jpg,10,casual hoodie or t-shirt,urban street,outerwear jacket or coat,black,casual relaxed
208,fashionpedia_000208.jpg,4,casual hoodie or t-shirt,urban street,formal blazer or button-down shirt,blue,professional formal
209,fashionpedia_000209.jpg,10,casual hoodie or t-shirt,urban street,outerwear jacket or coat,yellow,cozy comfortable
210,fashionpedia_000210.jpg,9,casual hoodie or t-shirt,urban street,formal blazer or button-down shirt,blue,trendy streetwear
212,fashionpedia_000212.jpg,6,casual hoodie or t-shirt,urban street,formal blazer or button-down shirt,white,trendy streetwear
214,fashionpedia_000214.jpg,13,casual hoodie or t-shirt,urban street,outerwear jacket or coat,black,trendy streetwear
215,fashionpedia_000215.jpg,1,casual hoodie or t-shirt,urban street,formal blazer or button-down shirt,black,casual relaxed
216,fashionpedia_000216.jpg,1,casual hoodie or t-shirt,urban street,casual hoodie or t-shirt,white,casual relaxed
219,fashionpedia_000219.jpg,4,casual hoodie or t-shirt,office interior,formal blazer or button-down shirt,brown,professional formal
220,fashionpedia_000220.jpg,41,casual hoodie or t-shirt,urban street,formal blazer or button-down shirt,white,professional formal
221,fashionpedia_000221.jpg,10,casual hoodie or t-shirt,urban street,formal blazer or button-down shirt,white,casual relaxed
222,fashionpedia_000222.jpg,10,casual hoodie or t-shirt,urban street,outerwear jacket or coat,brown,professional formal
223,fashionpedia_000223.jpg,33,casual hoodie or t-shirt,urban street,outerwear jacket or coat,orange,professional formal
224,fashionpedia_000224.jpg,6,casual hoodie or t-shirt,office interior,formal blazer or button-down shirt,blue,professional formal
225,fashionpedia_000225.jpg,10,casual hoodie or t-shirt,urban street,formal blazer or button-down shirt,green,professional formal
226,fashionpedia_000226.jpg,33,casual hoodie or t-shirt,urban street,outerwear jacket or coat,brown,casual relaxed
227,fashionpedia_000227.jpg,14,casual hoodie or t-shirt,urban street,outerwear jacket or coat,green,trendy streetwear
228,fashionpedia_000228.jpg,10,casual hoodie or t-shirt,urban street,formal blazer or button-down shirt,red,professional formal
229,fashionpedia_000229.jpg,23,casual hoodie or t-shirt,urban street,casual hoodie or t-shirt,black,casual relaxed
230,fashionpedia_000230.jpg,32,casual hoodie or t-shirt,urban street,formal blazer or button-down shirt,brown,trendy streetwear
231,fashionpedia_000231.jpg,6,casual hoodie or t-shirt,urban street,outerwear jacket or coat,green,trendy streetwear
232,fashionpedia_000232.jpg,0,casual hoodie or t-shirt,urban street,casual hoodie or t-shirt,gray,trendy streetwear
233,fashionpedia_000233.jpg,31,casual hoodie or t-shirt,urban street,outerwear jacket or coat,blue,trendy streetwear
234,fashionpedia_000234.jpg,23,casual hoodie or t-shirt,urban street,formal blazer or button-down shirt,blue,casual relaxed
235,fashionpedia_000235.jpg,10,casual hoodie or t-shirt,park outdoors,outerwear jacket or coat,white,professional formal
236,fashionpedia_000236.jpg,1,casual hoodie or t-shirt,urban street,outerwear jacket or coat,black,casual relaxed
238,fashionpedia_000238.jpg,10,casual hoodie or t-shirt,urban street,outerwear jacket or coat,brown,professional formal
239,fashionpedia_000239.jpg,1,casual hoodie or t-shirt,urban street,casual hoodie or t-shirt,white,cozy comfortable
240,fashionpedia_000240.jpg,31,casual hoodie or t-shirt,urban street,formal blazer or button-down shirt,white,casual relaxed
241,fashionpedia_000241.jpg,10,casual hoodie or t-shirt,urban street,outerwear jacket or coat,white,professional formal
242,fashionpedia_000242.jpg,2,casual hoodie or t-shirt,urban street,casual hoodie or t-shirt,green,casual relaxed
243,fashionpedia_000243.jpg,1,casual hoodie or t-shirt,urban street,outerwear jacket or coat,blue,trendy streetwear
244,fashionpedia_000244.jpg,10,casual hoodie or t-shirt,urban street,outerwear jacket or coat,black,trendy streetwear
245,fashionpedia_000245.jpg,13,casual hoodie or t-shirt,urban street,outerwear jacket or coat,black,trendy streetwear
246,fashionpedia_000246.jpg,10,casual hoodie or t-shirt,urban street,formal blazer or button-down shirt,orange,professional formal
247,fashionpedia_000247.jpg,8,casual hoodie or t-shirt,urban street,outerwear jacket or coat,blue,trendy streetwear
248,fashionpedia_000248.jpg,12,casual hoodie or t-shirt,urban street,outerwear jacket or coat,brown,casual relaxed
249,fashionpedia_000249.jpg,8,casual hoodie or t-shirt,office interior,outerwear jacket or coat,black,trendy streetwear
250,fashionpedia_000250.jpg,33,casual hoodie or t-shirt,urban street,casual hoodie or t-shirt,green,trendy streetwear
251,fashionpedia_000251.jpg,6,casual hoodie or t-shirt,urban street,formal blazer or button-down shirt,blue,casual relaxed
252,fashionpedia_000252.jpg,31,casual hoodie or t-shirt,urban street,formal blazer or button-down shirt,orange,casual relaxed
253,fashionpedia_000253.jpg,1,casual hoodie or t-shirt,urban street,formal blazer or button-down shirt,orange,casual relaxed
254,fashionpedia_000254.jpg,4,casual hoodie or t-shirt,urban street,outerwear jacket or coat,white,professional formal
255,fashionpedia_000255.jpg,23,casual hoodie or t-shirt,urban street,outerwear jacket or coat,yellow,casual relaxed
256,fashionpedia_000256.jpg,10,casual hoodie or t-shirt,urban street,outerwear jacket or coat,red,professional formal
257,fashionpedia_000257.jpg,0,casual hoodie or t-shirt,urban street,outerwear jacket or coat,brown,casual relaxed
258,fashionpedia_000258.jpg,14,casual hoodie or t-shirt,urban street,formal blazer or button-down shirt,gray,casual relaxed
259,fashionpedia_000259.jpg,23,casual hoodie or t-shirt,urban street,formal blazer or button-down shirt,red,professional formal
260,fashionpedia_000260.jpg,6,casual hoodie or t-shirt,urban street,casual hoodie or t-shirt,brown,trendy streetwear
262,fashionpedia_000262.jpg,33,casual hoodie or t-shirt,urban street,formal blazer or button-down shirt,black,professional formal
263,fashionpedia_000263.jpg,10,casual hoodie or t-shirt,urban street,formal blazer or button-down shirt,red,casual relaxed
264,fashionpedia_000264.jpg,33,casual hoodie or t-shirt,urban street,formal blazer or button-down shirt,brown,professional formal
265,fashionpedia_000265.jpg,4,casual hoodie or t-shirt,urban street,outerwear jacket or coat,blue,casual relaxed
266,fashionpedia_000266.jpg,1,casual hoodie or t-shirt,urban street,casual hoodie or t-shirt,black,trendy streetwear
267,fashionpedia_000267.jpg,10,casual hoodie or t-shirt,urban street,formal blazer or button-down shirt,black,professional formal
268,fashionpedia_000268.jpg,35,casual hoodie or t-shirt,urban street,formal blazer or button-down shirt,black,professional formal
269,fashionpedia_000269.jpg,23,casual hoodie or t-shirt,urban street,outerwear jacket or coat,green,trendy streetwear
270,fashionpedia_000270.jpg,23,casual hoodie or t-shirt,urban street,outerwear jacket or coat,green,professional formal
271,fashionpedia_000271.jpg,23,casual hoodie or t-shirt,urban street,casual hoodie or t-shirt,white,trendy streetwear
272,fashionpedia_000272.jpg,1,casual hoodie or t-shirt,urban street,outerwear jacket or coat,red,trendy streetwear
273,fashionpedia_000273.jpg,10,casual hoodie or t-shirt,urban street,outerwear jacket or coat,black,professional formal
274,fashionpedia_000274.jpg,10,casual hoodie or t-shirt,urban street,outerwear jacket or coat,green,professional formal
275,fashionpedia_000275.jpg,10,casual hoodie or t-shirt,office interior,outerwear jacket or coat,white,professional formal
276,fashionpedia_000276.jpg,31,casual hoodie or t-shirt,urban street,outerwear jacket or coat,black,professional formal
277,fashionpedia_000277.jpg,10,casual hoodie or t-shirt,urban street,outerwear jacket or coat,black,professional formal
278,fashionpedia_000278.jpg,1,casual hoodie or t-shirt,urban street,outerwear jacket or coat,black,trendy streetwear
279,fashionpedia_000279.jpg,23,casual hoodie or t-shirt,urban street,formal blazer or button-down shirt,pink,trendy streetwear
280,fashionpedia_000280.jpg,1,casual hoodie or t-shirt,urban street,casual hoodie or t-shirt,brown,casual relaxed
281,fashionpedia_000281.jpg,10,casual hoodie or t-shirt,urban street,outerwear jacket or coat,yellow,professional formal
282,fashionpedia_000282.jpg,33,casual hoodie or t-shirt,park outdoors,formal blazer or button-down shirt,white,casual relaxed
284,fashionpedia_000284.jpg,21,casual hoodie or t-shirt,urban street,outerwear jacket or coat,black,professional formal
285,fashionpedia_000285.jpg,10,casual hoodie or t-shirt,urban street,formal blazer or button-down shirt,yellow,professional formal
286,fashionpedia_000286.jpg,23,casual hoodie or t-shirt,urban street,casual hoodie or t-shirt,black,trendy streetwear
287,fashionpedia_000287.jpg,38,casual hoodie or t-shirt,urban street,formal blazer or button-down shirt,blue,professional formal
288,fashionpedia_000288.jpg,31,casual hoodie or t-shirt,park outdoors,formal blazer or button-down shirt,green,casual relaxed
289,fashionpedia_000289.jpg,21,casual hoodie or t-shirt,urban street,formal blazer or button-down shirt,brown,casual relaxed
290,fashionpedia_000290.jpg,13,casual hoodie or t-shirt,urban street,outerwear jacket or coat,white,cozy comfortable
291,fashionpedia_000291.jpg,10,casual hoodie or t-shirt,urban street,outerwear jacket or coat,black,professional formal
292,fashionpedia_000292.jpg,33,casual hoodie or t-shirt,urban street,formal blazer or button-down shirt,brown,professional formal
293,fashionpedia_000293.jpg,23,casual hoodie or t-shirt,office interior,formal blazer or button-down shirt,blue,professional formal
294,fashionpedia_000294.jpg,23,casual hoodie or t-shirt,urban street,formal blazer or button-down shirt,gray,casual relaxed
295,fashionpedia_000295.jpg,5,casual hoodie or t-shirt,urban street,outerwear jacket or coat,brown,casual relaxed
296,fashionpedia_000296.jpg,23,casual hoodie or t-shirt,urban street,casual hoodie or t-shirt,brown,trendy streetwear
297,fashionpedia_000297.jpg,1,casual hoodie or t-shirt,urban street,casual hoodie or t-shirt,black,trendy streetwear
298,fashionpedia_000298.jpg,33,casual hoodie or t-shirt,urban street,formal blazer or button-down shirt,gray,cozy comfortable
299,fashionpedia_000299.jpg,10,casual hoodie or t-shirt,urban street,formal blazer or button-down shirt,pink,professional formal
300,fashionpedia_000300.jpg,1,casual hoodie or t-shirt,urban street,casual hoodie or t-shirt,gray,trendy streetwear
301,fashionpedia_000301.jpg,33,casual hoodie or t-shirt,urban street,outerwear jacket or coat,black,professional formal
302,fashionpedia_000302.jpg,10,casual hoodie or t-shirt,urban street,outerwear jacket or coat,black,professional formal
303,fashionpedia_000303.jpg,23,casual hoodie or t-shirt,urban street,outerwear jacket or coat,gray,cozy comfortable
304,fashionpedia_000304.jpg,6,casual hoodie or t-shirt,urban street,outerwear jacket or coat,brown,professional formal
305,fashionpedia_000305.jpg,10,casual hoodie or t-shirt,park outdoors,formal blazer or button-down shirt,blue,casual relaxed
306,fashionpedia_000306.jpg,6,casual hoodie or t-shirt,urban street,casual hoodie or t-shirt,pink,trendy streetwear
307,fashionpedia_000307.jpg,34,casual hoodie or t-shirt,urban street,formal blazer or button-down shirt,pink,casual relaxed
308,fashionpedia_000308.jpg,10,casual hoodie or t-shirt,urban street,outerwear jacket or coat,pink,professional formal
309,fashionpedia_000309.jpg,8,casual hoodie or t-shirt,urban street,outerwear jacket or coat,orange,professional formal
310,fashionpedia_000310.jpg,23,casual hoodie or t-shirt,urban street,outerwear jacket or coat,gray,casual relaxed
311,fashionpedia_000311.jpg,33,casual hoodie or t-shirt,urban street,formal blazer or button-down shirt,red,professional formal
312,fashionpedia_000312.jpg,13,casual hoodie or t-shirt,urban street,casual hoodie or t-shirt,blue,casual relaxed
313,fashionpedia_000313.jpg,33,casual hoodie or t-shirt,urban street,outerwear jacket or coat,gray,professional formal
314,fashionpedia_000314.jpg,10,casual hoodie or t-shirt,urban street,outerwear jacket or coat,brown,professional formal
315,fashionpedia_000315.jpg,10,casual hoodie or t-shirt,urban street,formal blazer or button-down shirt,white,casual relaxed
316,fashionpedia_000316.jpg,33,casual hoodie or t-shirt,urban street,outerwear jacket or coat,blue,trendy streetwear
317,fashionpedia_000317.jpg,1,casual hoodie or t-shirt,urban street,outerwear jacket or coat,white,professional formal
318,fashionpedia_000318.jpg,4,casual hoodie or t-shirt,office interior,outerwear jacket or coat,brown,trendy streetwear
319,fashionpedia_000319.jpg,28,casual hoodie or t-shirt,urban street,outerwear jacket or coat,gray,casual relaxed
320,fashionpedia_000320.jpg,6,casual hoodie or t-shirt,office interior,casual hoodie or t-shirt,yellow,trendy streetwear
321,fashionpedia_000321.jpg,23,casual hoodie or t-shirt,urban street,formal blazer or button-down shirt,blue,casual relaxed
322,fashionpedia_000322.jpg,8,casual hoodie or t-shirt,urban street,formal blazer or button-down shirt,orange,trendy streetwear
323,fashionpedia_000323.jpg,31,casual hoodie or t-shirt,park outdoors,casual hoodie or t-shirt,white,casual relaxed
324,fashionpedia_000324.jpg,9,casual hoodie or t-shirt,urban street,formal blazer or button-down shirt,white,professional formal
325,fashionpedia_000325.jpg,33,casual hoodie or t-shirt,office interior,formal blazer or button-down shirt,red,casual relaxed
326,fashionpedia_000326.jpg,1,casual hoodie or t-shirt,park outdoors,formal blazer or button-down shirt,black,professional formal
327,fashionpedia_000327.jpg,23,casual hoodie or t-shirt,park outdoors,formal blazer or button-down shirt,green,casual relaxed
329,fashionpedia_000329.jpg,33,casual hoodie or t-shirt,urban street,formal blazer or button-down shirt,black,professional formal
330,fashionpedia_000330.jpg,13,casual hoodie or t-shirt,urban street,formal blazer or button-down shirt,brown,professional formal
331,fashionpedia_000331.jpg,1,casual hoodie or t-shirt,park outdoors,formal blazer or button-down shirt,red,casual relaxed
332,fashionpedia_000332.jpg,13,casual hoodie or t-shirt,urban street,outerwear jacket or coat,gray,casual relaxed
333,fashionpedia_000333.jpg,1,casual hoodie or t-shirt,urban street,outerwear jacket or coat,brown,casual relaxed
335,fashionpedia_000335.jpg,13,casual hoodie or t-shirt,urban street,formal blazer or button-down shirt,red,trendy streetwear
336,fashionpedia_000336.jpg,25,casual hoodie or t-shirt,urban street,outerwear jacket or coat,blue,trendy streetwear
337,fashionpedia_000337.jpg,10,casual hoodie or t-shirt,park outdoors,casual hoodie or t-shirt,black,casual relaxed
338,fashionpedia_000338.jpg,11,casual hoodie or t-shirt,urban street,formal blazer or button-down shirt,black,casual relaxed
339,fashionpedia_000339.jpg,19,casual hoodie or t-shirt,urban street,formal blazer or button-down shirt,brown,trendy streetwear
341,fashionpedia_000341.jpg,7,casual hoodie or t-shirt,urban street,formal blazer or button-down shirt,pink,casual relaxed
343,fashionpedia_000343.jpg,14,casual hoodie or t-shirt,urban street,formal blazer or button-down shirt,brown,trendy streetwear
344,fashionpedia_000344.jpg,32,casual hoodie or t-shirt,urban street,formal blazer or button-down shirt,gray,professional formal
345,fashionpedia_000345.jpg,23,casual hoodie or t-shirt,urban street,formal blazer or button-down shirt,yellow,casual relaxed
346,fashionpedia_000346.jpg,10,casual hoodie or t-shirt,urban street,outerwear jacket or coat,black,casual relaxed
347,fashionpedia_000347.jpg,10,casual hoodie or t-shirt,urban street,outerwear jacket or coat,black,trendy streetwear
348,fashionpedia_000348.jpg,33,casual hoodie or t-shirt,urban street,casual hoodie or t-shirt,yellow,casual relaxed
349,fashionpedia_000349.jpg,1,casual hoodie or t-shirt,urban street,formal blazer or button-down shirt,black,casual relaxed
350,fashionpedia_000350.jpg,13,casual hoodie or t-shirt,urban street,formal blazer or button-down shirt,black,trendy streetwear
351,fashionpedia_000351.jpg,23,casual hoodie or t-shirt,urban street,outerwear jacket or coat,green,trendy streetwear
352,fashionpedia_000352.jpg,10,casual hoodie or t-shirt,urban street,casual hoodie or t-shirt,brown,casual relaxed
353,fashionpedia_000353.jpg,23,casual hoodie or t-shirt,urban street,outerwear jacket or coat,gray,casual relaxed
354,fashionpedia_000354.jpg,1,casual hoodie or t-shirt,urban street,formal blazer or button-down shirt,white,casual relaxed
355,fashionpedia_000355.jpg,14,casual hoodie or t-shirt,urban street,outerwear jacket or coat,red,cozy comfortable
356,fashionpedia_000356.jpg,23,casual hoodie or t-shirt,urban street,formal blazer or button-down shirt,black,professional formal
357,fashionpedia_000357.jpg,10,casual hoodie or t-shirt,office interior,outerwear jacket or coat,black,professional formal
358,fashionpedia_000358.jpg,7,casual hoodie or t-shirt,urban street,formal blazer or button-down shirt,green,casual relaxed
359,fashionpedia_000359.jpg,10,casual hoodie or t-shirt,urban street,outerwear jacket or coat,black,professional formal
360,fashionpedia_000360.jpg,23,casual hoodie or t-shirt,urban street,outerwear jacket or coat,black,professional formal
361,fashionpedia_000361.jpg,23,casual hoodie or t-shirt,urban street,formal blazer or button-down shirt,black,casual relaxed
362,fashionpedia_000362.jpg,23,casual hoodie or t-shirt,urban street,outerwear jacket or coat,pink,trendy streetwear
363,fashionpedia_000363.jpg,33,casual hoodie or t-shirt,urban street,outerwear jacket or coat,gray,casual relaxed
364,fashionpedia_000364.jpg,11,casual hoodie or t-shirt,urban street,outerwear jacket or coat,white,trendy streetwear
365,fashionpedia_000365.jpg,10,casual hoodie or t-shirt,park outdoors,formal blazer or button-down shirt,blue,professional formal
366,fashionpedia_000366.jpg,33,casual hoodie or t-shirt,urban street,formal blazer or button-down shirt,orange,casual relaxed
367,fashionpedia_000367.jpg,23,casual hoodie or t-shirt,urban street,outerwear jacket or coat,black,trendy streetwear
368,fashionpedia_000368.jpg,10,casual hoodie or t-shirt,urban street,formal blazer or button-down shirt,pink,casual relaxed
369,fashionpedia_000369.jpg,10,casual hoodie or t-shirt,urban street,outerwear jacket or coat,brown,casual relaxed
370,fashionpedia_000370.jpg,23,casual hoodie or t-shirt,urban street,casual hoodie or t-shirt,gray,trendy streetwear
371,fashionpedia_000371.jpg,6,casual hoodie or t-shirt,urban street,formal blazer or button-down shirt,white,casual relaxed
372,fashionpedia_000372.jpg,11,casual hoodie or t-shirt,urban street,formal blazer or button-down shirt,white,casual relaxed
373,fashionpedia_000373.jpg,13,casual hoodie or t-shirt,urban street,outerwear jacket or coat,pink,trendy streetwear
374,fashionpedia_000374.jpg,19,casual hoodie or t-shirt,urban street,formal blazer or button-down shirt,pink,professional formal
375,fashionpedia_000375.jpg,10,casual hoodie or t-shirt,urban street,formal blazer or button-down shirt,white,professional formal
376,fashionpedia_000376.jpg,2,casual hoodie or t-shirt,urban street,casual hoodie or t-shirt,green,casual relaxed
377,fashionpedia_000377.jpg,33,casual hoodie or t-shirt,urban street,casual hoodie or t-shirt,brown,professional formal
378,fashionpedia_000378.jpg,10,casual hoodie or t-shirt,urban street,outerwear jacket or coat,gray,cozy comfortable
379,fashionpedia_000379.jpg,23,casual hoodie or t-shirt,urban street,casual hoodie or t-shirt,black,trendy streetwear
380,fashionpedia_000380.jpg,10,casual hoodie or t-shirt,urban street,formal blazer or button-down shirt,red,casual relaxed
382,fashionpedia_000382.jpg,33,casual hoodie or t-shirt,urban street,formal blazer or button-down shirt,black,casual relaxed
384,fashionpedia_000384.jpg,1,casual hoodie or t-shirt,urban street,formal blazer or button-down shirt,green,trendy streetwear
385,fashionpedia_000385.jpg,23,casual hoodie or t-shirt,urban street,casual hoodie or t-shirt,gray,trendy streetwear
386,fashionpedia_000386.jpg,33,casual hoodie or t-shirt,park outdoors,formal blazer or button-down shirt,pink,casual relaxed
387,fashionpedia_000387.jpg,8,casual hoodie or t-shirt,urban street,formal blazer or button-down shirt,yellow,trendy streetwear
388,fashionpedia_000388.jpg,9,casual hoodie or t-shirt,urban street,outerwear jacket or coat,brown,casual relaxed
389,fashionpedia_000389.jpg,6,casual hoodie or t-shirt,urban street,formal blazer or button-down shirt,brown,casual relaxed
390,fashionpedia_000390.jpg,33,casual hoodie or t-shirt,urban street,formal blazer or button-down shirt,gray,casual relaxed
391,fashionpedia_000391.jpg,10,casual hoodie or t-shirt,urban street,formal blazer or button-down shirt,white,professional formal
392,fashionpedia_000392.jpg,23,casual hoodie or t-shirt,urban street,formal blazer or button-down shirt,white,casual relaxed
393,fashionpedia_000393.jpg,10,casual hoodie or t-shirt,urban street,outerwear jacket or coat,green,professional formal
394,fashionpedia_000394.jpg,14,casual hoodie or t-shirt,urban street,formal blazer or button-down shirt,gray,casual relaxed
395,fashionpedia_000395.jpg,33,casual hoodie or t-shirt,urban street,outerwear jacket or coat,black,cozy comfortable
396,fashionpedia_000396.jpg,1,casual hoodie or t-shirt,urban street,outerwear jacket or coat,brown,trendy streetwear
397,fashionpedia_000397.jpg,10,casual hoodie or t-shirt,urban street,outerwear jacket or coat,orange,professional formal
398,fashionpedia_000398.jpg,0,casual hoodie or t-shirt,park outdoors,formal blazer or button-down shirt,brown,casual relaxed
399,fashionpedia_000399.jpg,13,casual hoodie or t-shirt,urban street,formal blazer or button-down shirt,white,casual relaxed
400,fashionpedia_000400.jpg,1,casual hoodie or t-shirt,urban street,outerwear jacket or coat,white,cozy comfortable
401,fashionpedia_000401.jpg,23,casual hoodie or t-shirt,urban street,formal blazer or button-down shirt,black,professional formal
402,fashionpedia_000402.jpg,10,casual hoodie or t-shirt,urban street,formal blazer or button-down shirt,white,professional formal
403,fashionpedia_000403.jpg,0,casual hoodie or t-shirt,urban street,formal blazer or button-down shirt,white,casual relaxed
404,fashionpedia_000404.jpg,33,casual hoodie or t-shirt,park outdoors,outerwear jacket or coat,yellow,cozy comfortable
405,fashionpedia_000405.jpg,31,casual hoodie or t-shirt,park outdoors,casual hoodie or t-shirt,green,casual relaxed
406,fashionpedia_000406.jpg,6,casual hoodie or t-shirt,park outdoors,casual hoodie or t-shirt,blue,casual relaxed
408,fashionpedia_000408.jpg,10,casual hoodie or t-shirt,urban street,outerwear jacket or coat,white,professional formal
409,fashionpedia_000409.jpg,31,casual hoodie or t-shirt,urban street,outerwear jacket or coat,red,casual relaxed
410,fashionpedia_000410.jpg,7,casual hoodie or t-shirt,urban street,casual hoodie or t-shirt,gray,trendy streetwear
411,fashionpedia_000411.jpg,7,casual hoodie or t-shirt,urban street,outerwear jacket or coat,black,casual relaxed
412,fashionpedia_000412.jpg,8,casual hoodie or t-shirt,urban street,outerwear jacket or coat,black,professional formal
413,fashionpedia_000413.jpg,10,casual hoodie or t-shirt,urban street,outerwear jacket or coat,black,trendy streetwear
414,fashionpedia_000414.jpg,10,casual hoodie or t-shirt,urban street,outerwear jacket or coat,blue,professional formal
415,fashionpedia_000415.jpg,1,casual hoodie or t-shirt,urban street,formal blazer or button-down shirt,red,casual relaxed
416,fashionpedia_000416.jpg,17,casual hoodie or t-shirt,urban street,outerwear jacket or coat,black,professional formal
417,fashionpedia_000417.jpg,10,casual hoodie or t-shirt,urban street,formal blazer or button-down shirt,blue,casual relaxed
419,fashionpedia_000419.jpg,10,casual hoodie or t-shirt,park outdoors,casual hoodie or t-shirt,white,casual relaxed
420,fashionpedia_000420.jpg,10,casual hoodie or t-shirt,urban street,outerwear jacket or coat,black,trendy streetwear
421,fashionpedia_000421.jpg,10,casual hoodie or t-shirt,urban street,outerwear jacket or coat,black,professional formal
422,fashionpedia_000422.jpg,10,casual hoodie or t-shirt,urban street,formal blazer or button-down shirt,pink,professional formal
423,fashionpedia_000423.jpg,23,casual hoodie or t-shirt,urban street,outerwear jacket or coat,black,casual relaxed
424,fashionpedia_000424.jpg,1,casual hoodie or t-shirt,urban street,outerwear jacket or coat,green,trendy streetwear
425,fashionpedia_000425.jpg,23,casual hoodie or t-shirt,urban street,casual hoodie or t-shirt,gray,trendy streetwear
426,fashionpedia_000426.jpg,1,casual hoodie or t-shirt,urban street,outerwear jacket or coat,yellow,trendy streetwear
427,fashionpedia_000427.jpg,13,casual hoodie or t-shirt,urban street,outerwear jacket or coat,red,trendy streetwear
428,fashionpedia_000428.jpg,6,casual hoodie or t-shirt,urban street,outerwear jacket or coat,black,trendy streetwear
430,fashionpedia_000430.jpg,10,casual hoodie or t-shirt,urban street,formal blazer or button-down shirt,gray,professional formal
431,fashionpedia_000431.jpg,10,casual hoodie or t-shirt,urban street,outerwear jacket or coat,blue,trendy streetwear
432,fashionpedia_000432.jpg,23,casual hoodie or t-shirt,urban street,outerwear jacket or coat,brown,trendy streetwear
433,fashionpedia_000433.jpg,5,casual hoodie or t-shirt,urban street,casual hoodie or t-shirt,gray,casual relaxed
435,fashionpedia_000435.jpg,1,casual hoodie or t-shirt,urban street,casual hoodie or t-shirt,black,casual relaxed
436,fashionpedia_000436.jpg,33,casual hoodie or t-shirt,park outdoors,formal blazer or button-down shirt,red,trendy streetwear
437,fashionpedia_000437.jpg,10,casual hoodie or t-shirt,urban street,formal blazer or button-down shirt,red,casual relaxed
438,fashionpedia_000438.jpg,10,casual hoodie or t-shirt,urban street,outerwear jacket or coat,black,professional formal
440,fashionpedia_000440.jpg,33,casual hoodie or t-shirt,urban street,formal blazer or button-down shirt,brown,casual relaxed
441,fashionpedia_000441.jpg,10,casual hoodie or t-shirt,urban street,outerwear jacket or coat,brown,professional formal
442,fashionpedia_000442.jpg,23,casual hoodie or t-shirt,urban street,formal blazer or button-down shirt,blue,casual relaxed
443,fashionpedia_000443.jpg,10,casual hoodie or t-shirt,urban street,formal blazer or button-down shirt,yellow,trendy streetwear
444,fashionpedia_000444.jpg,10,casual hoodie or t-shirt,urban street,outerwear jacket or coat,brown,professional formal
445,fashionpedia_000445.jpg,24,casual hoodie or t-shirt,urban street,outerwear jacket or coat,blue,cozy comfortable
446,fashionpedia_000446.jpg,33,casual hoodie or t-shirt,urban street,casual hoodie or t-shirt,white,professional formal
447,fashionpedia_000447.jpg,4,casual hoodie or t-shirt,urban street,formal blazer or button-down shirt,black,trendy streetwear
448,fashionpedia_000448.jpg,10,casual hoodie or t-shirt,park outdoors,formal blazer or button-down shirt,blue,professional formal
449,fashionpedia_000449.jpg,10,casual hoodie or t-shirt,urban street,outerwear jacket or coat,brown,cozy comfortable
450,fashionpedia_000450.jpg,25,casual hoodie or t-shirt,urban street,outerwear jacket or coat,black,casual relaxed
451,fashionpedia_000451.jpg,13,casual hoodie or t-shirt,urban street,outerwear jacket or coat,brown,trendy streetwear
452,fashionpedia_000452.jpg,33,casual hoodie or t-shirt,urban street,outerwear jacket or coat,black,cozy comfortable
453,fashionpedia_000453.jpg,23,casual hoodie or t-shirt,urban street,outerwear jacket or coat,gray,professional formal
454,fashionpedia_000454.jpg,1,casual hoodie or t-shirt,urban street,outerwear jacket or coat,red,trendy streetwear
455,fashionpedia_000455.jpg,6,casual hoodie or t-shirt,urban street,outerwear jacket or coat,black,casual relaxed
456,fashionpedia_000456.jpg,10,casual hoodie or t-shirt,urban street,outerwear jacket or coat,red,professional formal
457,fashionpedia_000457.jpg,10,casual hoodie or t-shirt,urban street,formal blazer or button-down shirt,yellow,casual relaxed
458,fashionpedia_000458.jpg,31,casual hoodie or t-shirt,urban street,formal blazer or button-down shirt,gray,casual relaxed
459,fashionpedia_000459.jpg,4,casual hoodie or t-shirt,urban street,outerwear jacket or coat,gray,trendy streetwear
460,fashionpedia_000460.jpg,10,casual hoodie or t-shirt,park outdoors,outerwear jacket or coat,black,professional formal
461,fashionpedia_000461.jpg,23,casual hoodie or t-shirt,urban street,outerwear jacket or coat,pink,trendy streetwear
462,fashionpedia_000462.jpg,13,casual hoodie or t-shirt,urban street,outerwear jacket or coat,pink,casual relaxed
463,fashionpedia_000463.jpg,1,casual hoodie or t-shirt,urban street,formal blazer or button-down shirt,white,casual relaxed
464,fashionpedia_000464.jpg,1,casual hoodie or t-shirt,urban street,outerwear jacket or coat,green,trendy streetwear
465,fashionpedia_000465.jpg,1,casual hoodie or t-shirt,urban street,outerwear jacket or coat,black,casual relaxed
466,fashionpedia_000466.jpg,32,casual hoodie or t-shirt,urban street,formal blazer or button-down shirt,brown,casual relaxed
467,fashionpedia_000467.jpg,8,casual hoodie or t-shirt,urban street,outerwear jacket or coat,white,casual relaxed
468,fashionpedia_000468.jpg,1,casual hoodie or t-shirt,urban street,formal blazer or button-down shirt,green,trendy streetwear
469,fashionpedia_000469.jpg,0,casual hoodie or t-shirt,urban street,formal blazer or button-down shirt,white,casual relaxed
470,fashionpedia_000470.jpg,10,casual hoodie or t-shirt,urban street,formal blazer or button-down shirt,white,professional formal
471,fashionpedia_000471.jpg,10,casual hoodie or t-shirt,urban street,formal blazer or button-down shirt,gray,professional formal
472,fashionpedia_000472.jpg,1,casual hoodie or t-shirt,urban street,casual hoodie or t-shirt,brown,trendy streetwear
473,fashionpedia_000473.jpg,25,casual hoodie or t-shirt,urban street,outerwear jacket or coat,black,trendy streetwear
474,fashionpedia_000474.jpg,10,casual hoodie or t-shirt,urban street,outerwear jacket or coat,green,professional formal
475,fashionpedia_000475.jpg,31,casual hoodie or t-shirt,office interior,casual hoodie or t-shirt,gray,trendy streetwear
476,fashionpedia_000476.jpg,10,casual hoodie or t-shirt,urban street,outerwear jacket or coat,blue,casual relaxed
477,fashionpedia_000477.jpg,11,casual hoodie or t-shirt,urban street,casual hoodie or t-shirt,yellow,trendy streetwear
479,fashionpedia_000479.jpg,7,casual hoodie or t-shirt,urban street,outerwear jacket or coat,gray,trendy streetwear
480,fashionpedia_000480.jpg,10,casual hoodie or t-shirt,urban street,formal blazer or button-down shirt,brown,professional formal
481,fashionpedia_000481.jpg,4,casual hoodie or t-shirt,urban street,outerwear jacket or coat,brown,trendy streetwear
482,fashionpedia_000482.jpg,23,casual hoodie or t-shirt,urban street,formal blazer or button-down shirt,gray,professional formal
483,fashionpedia_000483.jpg,23,casual hoodie or t-shirt,urban street,formal blazer or button-down shirt,black,professional formal
484,fashionpedia_000484.jpg,6,casual hoodie or t-shirt,urban street,outerwear jacket or coat,blue,casual relaxed
485,fashionpedia_000485.jpg,0,casual hoodie or t-shirt,urban street,outerwear jacket or coat,yellow,trendy streetwear
486,fashionpedia_000486.jpg,10,casual hoodie or t-shirt,park outdoors,formal blazer or button-down shirt,red,professional formal
488,fashionpedia_000488.jpg,6,casual hoodie or t-shirt,urban street,formal blazer or button-down shirt,blue,trendy streetwear
489,fashionpedia_000489.jpg,10,casual hoodie or t-shirt,urban street,formal blazer or button-down shirt,pink,casual relaxed
490,fashionpedia_000490.jpg,7,casual hoodie or t-shirt,urban street,formal blazer or button-down shirt,pink,trendy streetwear
491,fashionpedia_000491.jpg,29,casual hoodie or t-shirt,urban street,formal blazer or button-down shirt,orange,professional formal
492,fashionpedia_000492.jpg,23,casual hoodie or t-shirt,urban street,formal blazer or button-down shirt,pink,professional formal
493,fashionpedia_000493.jpg,23,casual hoodie or t-shirt,urban street,casual hoodie or t-shirt,black,trendy streetwear
494,fashionpedia_000494.jpg,8,casual hoodie or t-shirt,urban street,formal blazer or button-down shirt,pink,casual relaxed
495,fashionpedia_000495.jpg,7,casual hoodie or t-shirt,urban street,casual hoodie or t-shirt,pink,trendy streetwear
496,fashionpedia_000496.jpg,33,casual hoodie or t-shirt,urban street,formal blazer or button-down shirt,orange,casual relaxed
497,fashionpedia_000497.jpg,1,casual hoodie or t-shirt,urban street,formal blazer or button-down shirt,white,professional formal
498,fashionpedia_000498.jpg,23,casual hoodie or t-shirt,urban street,casual hoodie or t-shirt,black,trendy streetwear
499,fashionpedia_000499.jpg,6,casual hoodie or t-shirt,urban street,casual hoodie or t-shirt,gray,casual relaxed
500,fashionpedia_000500.jpg,23,casual hoodie or t-shirt,urban street,outerwear jacket or coat,black,trendy streetwear
501,fashionpedia_000501.jpg,6,casual hoodie or t-shirt,park outdoors,outerwear jacket or coat,blue,trendy streetwear
502,fashionpedia_000502.jpg,0,casual hoodie or t-shirt,urban street,outerwear jacket or coat,red,professional formal
503,fashionpedia_000503.jpg,33,casual hoodie or t-shirt,urban street,formal blazer or button-down shirt,gray,casual relaxed
504,fashionpedia_000504.jpg,10,casual hoodie or t-shirt,urban street,outerwear jacket or coat,red,professional formal
505,fashionpedia_000505.jpg,1,casual hoodie or t-shirt,urban street,outerwear jacket or coat,white,cozy comfortable
506,fashionpedia_000506.jpg,10,casual hoodie or t-shirt,urban street,outerwear jacket or coat,orange,trendy streetwear
507,fashionpedia_000507.jpg,8,casual hoodie or t-shirt,urban street,formal blazer or button-down shirt,blue,professional formal
509,fashionpedia_000509.jpg,10,casual hoodie or t-shirt,urban street,outerwear jacket or coat,brown,professional formal
510,fashionpedia_000510.jpg,1,casual hoodie or t-shirt,urban street,outerwear jacket or coat,black,trendy streetwear
511,fashionpedia_000511.jpg,10,casual hoodie or t-shirt,urban street,outerwear jacket or coat,black,professional formal
512,fashionpedia_000512.jpg,4,casual hoodie or t-shirt,urban street,formal blazer or button-down shirt,black,professional formal
513,fashionpedia_000513.jpg,10,casual hoodie or t-shirt,urban street,formal blazer or button-down shirt,yellow,professional formal
514,fashionpedia_000514.jpg,10,casual hoodie or t-shirt,urban street,formal blazer or button-down shirt,black,casual relaxed
515,fashionpedia_000515.jpg,1,casual hoodie or t-shirt,urban street,outerwear jacket or coat,blue,casual relaxed
516,fashionpedia_000516.jpg,4,casual hoodie or t-shirt,urban street,outerwear jacket or coat,brown,professional formal
517,fashionpedia_000517.jpg,10,casual hoodie or t-shirt,urban street,outerwear jacket or coat,green,professional formal
518,fashionpedia_000518.jpg,23,casual hoodie or t-shirt,urban street,formal blazer or button-down shirt,green,casual relaxed
520,fashionpedia_000520.jpg,1,casual hoodie or t-shirt,urban street,casual hoodie or t-shirt,blue,trendy streetwear
521,fashionpedia_000521.jpg,10,casual hoodie or t-shirt,urban street,formal blazer or button-down shirt,red,professional formal
522,fashionpedia_000522.jpg,7,casual hoodie or t-shirt,urban street,formal blazer or button-down shirt,pink,trendy streetwear
523,fashionpedia_000523.jpg,23,casual hoodie or t-shirt,urban street,formal blazer or button-down shirt,brown,casual relaxed
524,fashionpedia_000524.jpg,10,casual hoodie or t-shirt,urban street,formal blazer or button-down shirt,brown,casual relaxed
525,fashionpedia_000525.jpg,1,casual hoodie or t-shirt,urban street,outerwear jacket or coat,brown,casual relaxed
526,fashionpedia_000526.jpg,10,casual hoodie or t-shirt,urban street,formal blazer or button-down shirt,white,professional formal
527,fashionpedia_000527.jpg,33,casual hoodie or t-shirt,urban street,formal blazer or button-down shirt,white,professional formal
528,fashionpedia_000528.jpg,6,casual hoodie or t-shirt,urban street,casual hoodie or t-shirt,pink,casual relaxed
529,fashionpedia_000529.jpg,23,casual hoodie or t-shirt,urban street,formal blazer or button-down shirt,blue,casual relaxed
530,fashionpedia_000530.jpg,11,casual hoodie or t-shirt,urban street,outerwear jacket or coat,gray,professional formal
532,fashionpedia_000532.jpg,10,casual hoodie or t-shirt,urban street,outerwear jacket or coat,red,professional formal
533,fashionpedia_000533.jpg,13,casual hoodie or t-shirt,urban street,casual hoodie or t-shirt,black,trendy streetwear
534,fashionpedia_000534.jpg,33,casual hoodie or t-shirt,urban street,formal blazer or button-down shirt,brown,casual relaxed
535,fashionpedia_000535.jpg,23,casual hoodie or t-shirt,urban street,casual hoodie or t-shirt,gray,cozy comfortable
536,fashionpedia_000536.jpg,19,casual hoodie or t-shirt,urban street,formal blazer or button-down shirt,brown,casual relaxed
537,fashionpedia_000537.jpg,1,casual hoodie or t-shirt,urban street,outerwear jacket or coat,red,casual relaxed
538,fashionpedia_000538.jpg,33,casual hoodie or t-shirt,urban street,formal blazer or button-down shirt,yellow,casual relaxed
540,fashionpedia_000540.jpg,24,casual hoodie or t-shirt,urban street,outerwear jacket or coat,brown,casual relaxed
541,fashionpedia_000541.jpg,23,casual hoodie or t-shirt,urban street,formal blazer or button-down shirt,blue,trendy streetwear
542,fashionpedia_000542.jpg,6,casual hoodie or t-shirt,park outdoors,outerwear jacket or coat,brown,cozy comfortable
543,fashionpedia_000543.jpg,8,casual hoodie or t-shirt,urban street,outerwear jacket or coat,pink,professional formal
544,fashionpedia_000544.jpg,10,casual hoodie or t-shirt,urban street,outerwear jacket or coat,yellow,professional formal
545,fashionpedia_000545.jpg,21,casual hoodie or t-shirt,park outdoors,casual hoodie or t-shirt,yellow,professional formal
546,fashionpedia_000546.jpg,5,casual hoodie or t-shirt,urban street,outerwear jacket or coat,black,trendy streetwear
548,fashionpedia_000548.jpg,1,casual hoodie or t-shirt,urban street,outerwear jacket or coat,black,trendy streetwear
549,fashionpedia_000549.jpg,23,casual hoodie or t-shirt,urban street,outerwear jacket or coat,brown,casual relaxed
550,fashionpedia_000550.jpg,10,casual hoodie or t-shirt,urban street,formal blazer or button-down shirt,white,professional formal
551,fashionpedia_000551.jpg,4,casual hoodie or t-shirt,urban street,outerwear jacket or coat,gray,trendy streetwear
552,fashionpedia_000552.jpg,8,casual hoodie or t-shirt,urban street,outerwear jacket or coat,brown,trendy streetwear
553,fashionpedia_000553.jpg,12,casual hoodie or t-shirt,urban street,outerwear jacket or coat,black,trendy streetwear
554,fashionpedia_000554.jpg,33,casual hoodie or t-shirt,urban street,formal blazer or button-down shirt,blue,professional formal
555,fashionpedia_000555.jpg,8,casual hoodie or t-shirt,urban street,formal blazer or button-down shirt,green,professional formal
556,fashionpedia_000556.jpg,11,casual hoodie or t-shirt,urban street,formal blazer or button-down shirt,blue,casual relaxed
557,fashionpedia_000557.jpg,10,casual hoodie or t-shirt,urban street,casual hoodie or t-shirt,blue,trendy streetwear
558,fashionpedia_000558.jpg,8,casual hoodie or t-shirt,park outdoors,formal blazer or button-down shirt,white,casual relaxed
559,fashionpedia_000559.jpg,23,casual hoodie or t-shirt,urban street,outerwear jacket or coat,gray,trendy streetwear
560,fashionpedia_000560.jpg,10,casual hoodie or t-shirt,park outdoors,formal blazer or button-down shirt,red,professional formal
561,fashionpedia_000561.jpg,7,casual hoodie or t-shirt,urban street,outerwear jacket or coat,brown,professional formal
562,fashionpedia_000562.jpg,1,casual hoodie or t-shirt,urban street,outerwear jacket or coat,gray,casual relaxed
563,fashionpedia_000563.jpg,1,casual hoodie or t-shirt,urban street,formal blazer or button-down shirt,black,casual relaxed
564,fashionpedia_000564.jpg,33,casual hoodie or t-shirt,park outdoors,formal blazer or button-down shirt,blue,casual relaxed
565,fashionpedia_000565.jpg,15,casual hoodie or t-shirt,urban street,outerwear jacket or coat,brown,professional formal
566,fashionpedia_000566.jpg,0,casual hoodie or t-shirt,urban street,formal blazer or button-down shirt,brown,casual relaxed
567,fashionpedia_000567.jpg,10,casual hoodie or t-shirt,office interior,casual hoodie or t-shirt,white,professional formal
568,fashionpedia_000568.jpg,13,casual hoodie or t-shirt,urban street,formal blazer or button-down shirt,yellow,casual relaxed
569,fashionpedia_000569.jpg,10,casual hoodie or t-shirt,urban street,outerwear jacket or coat,brown,professional formal
570,fashionpedia_000570.jpg,23,casual hoodie or t-shirt,urban street,casual hoodie or t-shirt,orange,trendy streetwear
571,fashionpedia_000571.jpg,4,casual hoodie or t-shirt,urban street,outerwear jacket or coat,black,casual relaxed
572,fashionpedia_000572.jpg,10,casual hoodie or t-shirt,urban street,formal blazer or button-down shirt,white,professional formal
573,fashionpedia_000573.jpg,4,casual hoodie or t-shirt,office interior,formal blazer or button-down shirt,black,professional formal
574,fashionpedia_000574.jpg,21,casual hoodie or t-shirt,urban street,outerwear jacket or coat,red,trendy streetwear
575,fashionpedia_000575.jpg,0,casual hoodie or t-shirt,urban street,outerwear jacket or coat,black,professional formal
576,fashionpedia_000576.jpg,10,casual hoodie or t-shirt,urban street,formal blazer or button-down shirt,green,casual relaxed
577,fashionpedia_000577.jpg,23,casual hoodie or t-shirt,urban street,formal blazer or button-down shirt,black,casual relaxed
578,fashionpedia_000578.jpg,10,casual hoodie or t-shirt,urban street,formal blazer or button-down shirt,green,professional formal
579,fashionpedia_000579.jpg,8,casual hoodie or t-shirt,park outdoors,formal blazer or button-down shirt,white,casual relaxed
580,fashionpedia_000580.jpg,10,casual hoodie or t-shirt,urban street,outerwear jacket or coat,black,trendy streetwear
581,fashionpedia_000581.jpg,1,casual hoodie or t-shirt,urban street,formal blazer or button-down shirt,black,trendy streetwear
582,fashionpedia_000582.jpg,23,casual hoodie or t-shirt,urban street,outerwear jacket or coat,green,casual relaxed
583,fashionpedia_000583.jpg,10,casual hoodie or t-shirt,urban street,formal blazer or button-down shirt,yellow,casual relaxed
584,fashionpedia_000584.jpg,10,casual hoodie or t-shirt,urban street,formal blazer or button-down shirt,black,casual relaxed
585,fashionpedia_000585.jpg,31,casual hoodie or t-shirt,urban street,outerwear jacket or coat,black,casual relaxed
586,fashionpedia_000586.jpg,10,casual hoodie or t-shirt,urban street,formal blazer or button-down shirt,black,casual relaxed
587,fashionpedia_000587.jpg,1,casual hoodie or t-shirt,park outdoors,outerwear jacket or coat,blue,casual relaxed
588,fashionpedia_000588.jpg,10,casual hoodie or t-shirt,urban street,formal blazer or button-down shirt,black,professional formal
589,fashionpedia_000589.jpg,10,casual hoodie or t-shirt,urban street,formal blazer or button-down shirt,pink,professional formal
590,fashionpedia_000590.jpg,23,casual hoodie or t-shirt,urban street,formal blazer or button-down shirt,black,professional formal
591,fashionpedia_000591.jpg,18,casual hoodie or t-shirt,urban street,outerwear jacket or coat,black,casual relaxed
592,fashionpedia_000592.jpg,14,casual hoodie or t-shirt,urban street,formal blazer or button-down shirt,brown,professional formal
593,fashionpedia_000593.jpg,5,casual hoodie or t-shirt,urban street,casual hoodie or t-shirt,gray,trendy streetwear
594,fashionpedia_000594.jpg,10,casual hoodie or t-shirt,urban street,formal blazer or button-down shirt,red,professional formal
595,fashionpedia_000595.jpg,23,casual hoodie or t-shirt,urban street,outerwear jacket or coat,red,trendy streetwear
596,fashionpedia_000596.jpg,1,casual hoodie or t-shirt,urban street,outerwear jacket or coat,pink,trendy streetwear
597,fashionpedia_000597.jpg,7,casual hoodie or t-shirt,urban street,casual hoodie or t-shirt,orange,trendy streetwear
598,fashionpedia_000598.jpg,10,casual hoodie or t-shirt,office interior,outerwear jacket or coat,white,professional formal
599,fashionpedia_000599.jpg,10,casual hoodie or t-shirt,park outdoors,casual hoodie or t-shirt,gray,casual relaxed
600,fashionpedia_000600.jpg,23,casual hoodie or t-shirt,urban street,formal blazer or button-down shirt,green,casual relaxed
601,fashionpedia_000601.jpg,7,casual hoodie or t-shirt,urban street,casual hoodie or t-shirt,gray,casual relaxed
602,fashionpedia_000602.jpg,37,casual hoodie or t-shirt,urban street,formal blazer or button-down shirt,pink,professional formal
603,fashionpedia_000603.jpg,33,casual hoodie or t-shirt,home interior,formal blazer or button-down shirt,brown,casual relaxed
604,fashionpedia_000604.jpg,9,casual hoodie or t-shirt,urban street,formal blazer or button-down shirt,orange,trendy streetwear
605,fashionpedia_000605.jpg,31,casual hoodie or t-shirt,urban street,outerwear jacket or coat,black,trendy streetwear
606,fashionpedia_000606.jpg,15,casual hoodie or t-shirt,urban street,outerwear jacket or coat,white,professional formal
607,fashionpedia_000607.jpg,33,casual hoodie or t-shirt,urban street,formal blazer or button-down shirt,gray,casual relaxed
608,fashionpedia_000608.jpg,31,casual hoodie or t-shirt,urban street,outerwear jacket or coat,red,casual relaxed
609,fashionpedia_000609.jpg,10,casual hoodie or t-shirt,urban street,formal blazer or button-down shirt,yellow,casual relaxed
610,fashionpedia_000610.jpg,32,casual hoodie or t-shirt,urban street,outerwear jacket or coat,black,trendy streetwear
611,fashionpedia_000611.jpg,10,casual hoodie or t-shirt,urban street,outerwear jacket or coat,red,trendy streetwear
612,fashionpedia_000612.jpg,0,casual hoodie or t-shirt,urban street,formal blazer or button-down shirt,blue,trendy streetwear
613,fashionpedia_000613.jpg,10,casual hoodie or t-shirt,urban street,formal blazer or button-down shirt,brown,casual relaxed
614,fashionpedia_000614.jpg,10,casual hoodie or t-shirt,urban street,outerwear jacket or coat,brown,professional formal
615,fashionpedia_000615.jpg,31,casual hoodie or t-shirt,urban street,casual hoodie or t-shirt,brown,professional formal
616,fashionpedia_000616.jpg,23,casual hoodie or t-shirt,office interior,outerwear jacket or coat,yellow,professional formal
617,fashionpedia_000617.jpg,23,casual hoodie or t-shirt,urban street,formal blazer or button-down shirt,green,trendy streetwear
618,fashionpedia_000618.jpg,31,casual hoodie or t-shirt,urban street,outerwear jacket or coat,black,trendy streetwear
619,fashionpedia_000619.jpg,1,casual hoodie or t-shirt,urban street,casual hoodie or t-shirt,blue,trendy streetwear
620,fashionpedia_000620.jpg,1,casual hoodie or t-shirt,urban street,formal blazer or button-down shirt,orange,casual relaxed
621,fashionpedia_000621.jpg,10,casual hoodie or t-shirt,urban street,formal blazer or button-down shirt,black,professional formal
622,fashionpedia_000622.jpg,14,casual hoodie or t-shirt,urban street,outerwear jacket or coat,gray,trendy streetwear
623,fashionpedia_000623.jpg,23,casual hoodie or t-shirt,urban street,formal blazer or button-down shirt,brown,casual relaxed
624,fashionpedia_000624.jpg,31,casual hoodie or t-shirt,urban street,outerwear jacket or coat,gray,trendy streetwear
625,fashionpedia_000625.jpg,23,casual hoodie or t-shirt,urban street,outerwear jacket or coat,blue,casual relaxed
626,fashionpedia_000626.jpg,31,casual hoodie or t-shirt,urban street,outerwear jacket or coat,brown,trendy streetwear
627,fashionpedia_000627.jpg,10,casual hoodie or t-shirt,urban street,formal blazer or button-down shirt,brown,professional formal
628,fashionpedia_000628.jpg,23,casual hoodie or t-shirt,urban street,formal blazer or button-down shirt,brown,professional formal
629,fashionpedia_000629.jpg,28,casual hoodie or t-shirt,urban street,outerwear jacket or coat,black,professional formal
630,fashionpedia_000630.jpg,23,casual hoodie or t-shirt,urban street,casual hoodie or t-shirt,gray,trendy streetwear
631,fashionpedia_000631.jpg,23,casual hoodie or t-shirt,urban street,outerwear jacket or coat,blue,casual relaxed
632,fashionpedia_000632.jpg,1,casual hoodie or t-shirt,park outdoors,casual hoodie or t-shirt,white,trendy streetwear
633,fashionpedia_000633.jpg,23,casual hoodie or t-shirt,urban street,casual hoodie or t-shirt,brown,trendy streetwear
634,fashionpedia_000634.jpg,23,casual hoodie or t-shirt,urban street,formal blazer or button-down shirt,yellow,professional formal
635,fashionpedia_000635.jpg,10,casual hoodie or t-shirt,urban street,formal blazer or button-down shirt,blue,professional formal
636,fashionpedia_000636.jpg,10,casual hoodie or t-shirt,urban street,outerwear jacket or coat,brown,professional formal
638,fashionpedia_000638.jpg,10,casual hoodie or t-shirt,urban street,casual hoodie or t-shirt,yellow,casual relaxed
639,fashionpedia_000639.jpg,10,casual hoodie or t-shirt,park outdoors,outerwear jacket or coat,black,casual relaxed
640,fashionpedia_000640.jpg,10,casual hoodie or t-shirt,urban street,formal blazer or button-down shirt,blue,casual relaxed
641,fashionpedia_000641.jpg,7,casual hoodie or t-shirt,urban street,casual hoodie or t-shirt,blue,casual relaxed
642,fashionpedia_000642.jpg,1,casual hoodie or t-shirt,urban street,formal blazer or button-down shirt,pink,casual relaxed
643,fashionpedia_000643.jpg,32,casual hoodie or t-shirt,urban street,outerwear jacket or coat,green,trendy streetwear
644,fashionpedia_000644.jpg,2,casual hoodie or t-shirt,urban street,casual hoodie or t-shirt,brown,cozy comfortable
645,fashionpedia_000645.jpg,10,casual hoodie or t-shirt,urban street,outerwear jacket or coat,gray,cozy comfortable
646,fashionpedia_000646.jpg,33,casual hoodie or t-shirt,urban street,casual hoodie or t-shirt,black,trendy streetwear
647,fashionpedia_000647.jpg,33,casual hoodie or t-shirt,office interior,outerwear jacket or coat,black,professional formal
648,fashionpedia_000648.jpg,6,casual hoodie or t-shirt,urban street,formal blazer or button-down shirt,black,professional formal
649,fashionpedia_000649.jpg,30,casual hoodie or t-shirt,urban street,outerwear jacket or coat,black,trendy streetwear
650,fashionpedia_000650.jpg,1,casual hoodie or t-shirt,urban street,formal blazer or button-down shirt,white,casual relaxed
651,fashionpedia_000651.jpg,10,casual hoodie or t-shirt,urban street,outerwear jacket or coat,green,casual relaxed
652,fashionpedia_000652.jpg,23,casual hoodie or t-shirt,office interior,outerwear jacket or coat,black,trendy streetwear
653,fashionpedia_000653.jpg,23,casual hoodie or t-shirt,urban street,outerwear jacket or coat,black,professional formal
654,fashionpedia_000654.jpg,23,casual hoodie or t-shirt,urban street,formal blazer or button-down shirt,brown,casual relaxed
655,fashionpedia_000655.jpg,31,casual hoodie or t-shirt,office interior,formal blazer or button-down shirt,black,professional formal
656,fashionpedia_000656.jpg,9,casual hoodie or t-shirt,urban street,outerwear jacket or coat,gray,cozy comfortable
657,fashionpedia_000657.jpg,2,casual hoodie or t-shirt,urban street,formal blazer or button-down shirt,white,casual relaxed
658,fashionpedia_000658.jpg,33,casual hoodie or t-shirt,urban street,outerwear jacket or coat,black,professional formal
659,fashionpedia_000659.jpg,8,casual hoodie or t-shirt,urban street,outerwear jacket or coat,green,professional formal
660,fashionpedia_000660.jpg,1,casual hoodie or t-shirt,urban street,casual hoodie or t-shirt,blue,casual relaxed
661,fashionpedia_000661.jpg,0,casual hoodie or t-shirt,urban street,formal blazer or button-down shirt,brown,trendy streetwear
662,fashionpedia_000662.jpg,10,casual hoodie or t-shirt,urban street,formal blazer or button-down shirt,red,trendy streetwear
664,fashionpedia_000664.jpg,1,casual hoodie or t-shirt,urban street,formal blazer or button-down shirt,blue,professional formal
665,fashionpedia_000665.jpg,32,casual hoodie or t-shirt,park outdoors,casual hoodie or t-shirt,blue,casual relaxed
666,fashionpedia_000666.jpg,33,casual hoodie or t-shirt,urban street,formal blazer or button-down shirt,white,professional formal
668,fashionpedia_000668.jpg,10,casual hoodie or t-shirt,urban street,outerwear jacket or coat,black,professional formal
669,fashionpedia_000669.jpg,23,casual hoodie or t-shirt,urban street,outerwear jacket or coat,black,professional formal
670,fashionpedia_000670.jpg,10,casual hoodie or t-shirt,urban street,outerwear jacket or coat,blue,casual relaxed
671,fashionpedia_000671.jpg,7,casual hoodie or t-shirt,urban street,outerwear jacket or coat,brown,trendy streetwear
672,fashionpedia_000672.jpg,31,casual hoodie or t-shirt,urban street,formal blazer or button-down shirt,pink,trendy streetwear
673,fashionpedia_000673.jpg,21,casual hoodie or t-shirt,urban street,outerwear jacket or coat,black,trendy streetwear
674,fashionpedia_000674.jpg,10,casual hoodie or t-shirt,urban street,formal blazer or button-down shirt,yellow,professional formal
675,fashionpedia_000675.jpg,1,casual hoodie or t-shirt,park outdoors,casual hoodie or t-shirt,brown,casual relaxed
676,fashionpedia_000676.jpg,1,casual hoodie or t-shirt,urban street,outerwear jacket or coat,gray,trendy streetwear
677,fashionpedia_000677.jpg,31,casual hoodie or t-shirt,urban street,outerwear jacket or coat,brown,professional formal
678,fashionpedia_000678.jpg,10,casual hoodie or t-shirt,urban street,casual hoodie or t-shirt,pink,trendy streetwear
679,fashionpedia_000679.jpg,31,casual hoodie or t-shirt,urban street,outerwear jacket or coat,brown,professional formal
680,fashionpedia_000680.jpg,13,casual hoodie or t-shirt,urban street,formal blazer or button-down shirt,white,casual relaxed
681,fashionpedia_000681.jpg,8,casual hoodie or t-shirt,urban street,outerwear jacket or coat,black,trendy streetwear
682,fashionpedia_000682.jpg,15,casual hoodie or t-shirt,urban street,outerwear jacket or coat,blue,professional formal
683,fashionpedia_000683.jpg,5,casual hoodie or t-shirt,park outdoors,casual hoodie or t-shirt,green,casual relaxed
684,fashionpedia_000684.jpg,1,casual hoodie or t-shirt,park outdoors,casual hoodie or t-shirt,blue,trendy streetwear
685,fashionpedia_000685.jpg,5,casual hoodie or t-shirt,urban street,outerwear jacket or coat,black,casual relaxed
686,fashionpedia_000686.jpg,23,casual hoodie or t-shirt,urban street,outerwear jacket or coat,white,professional formal
687,fashionpedia_000687.jpg,10,casual hoodie or t-shirt,urban street,outerwear jacket or coat,blue,professional formal
688,fashionpedia_000688.jpg,1,casual hoodie or t-shirt,office interior,outerwear jacket or coat,yellow,casual relaxed
689,fashionpedia_000689.jpg,11,casual hoodie or t-shirt,urban street,casual hoodie or t-shirt,pink,trendy streetwear
690,fashionpedia_000690.jpg,23,casual hoodie or t-shirt,urban street,outerwear jacket or coat,gray,trendy streetwear
691,fashionpedia_000691.jpg,10,casual hoodie or t-shirt,park outdoors,outerwear jacket or coat,white,casual relaxed
692,fashionpedia_000692.jpg,23,casual hoodie or t-shirt,urban street,outerwear jacket or coat,black,trendy streetwear
693,fashionpedia_000693.jpg,4,casual hoodie or t-shirt,urban street,outerwear jacket or coat,brown,trendy streetwear
694,fashionpedia_000694.jpg,10,casual hoodie or t-shirt,urban street,outerwear jacket or coat,white,professional formal
695,fashionpedia_000695.jpg,21,casual hoodie or t-shirt,urban street,outerwear jacket or coat,pink,professional formal
696,fashionpedia_000696.jpg,23,casual hoodie or t-shirt,urban street,formal blazer or button-down shirt,red,professional formal
697,fashionpedia_000697.jpg,31,casual hoodie or t-shirt,urban street,casual hoodie or t-shirt,green,casual relaxed
698,fashionpedia_000698.jpg,32,casual hoodie or t-shirt,urban street,casual hoodie or t-shirt,green,casual relaxed
699,fashionpedia_000699.jpg,10,casual hoodie or t-shirt,urban street,outerwear jacket or coat,green,professional formal
700,fashionpedia_000700.jpg,10,casual hoodie or t-shirt,urban street,outerwear jacket or coat,blue,professional formal
701,fashionpedia_000701.jpg,10,casual hoodie or t-shirt,urban street,formal blazer or button-down shirt,gray,professional formal
702,fashionpedia_000702.jpg,1,casual hoodie or t-shirt,park outdoors,formal blazer or button-down shirt,green,casual relaxed
703,fashionpedia_000703.jpg,33,casual hoodie or t-shirt,urban street,outerwear jacket or coat,pink,professional formal
704,fashionpedia_000704.jpg,10,casual hoodie or t-shirt,urban street,formal blazer or button-down shirt,white,professional formal
705,fashionpedia_000705.jpg,10,casual hoodie or t-shirt,urban street,formal blazer or button-down shirt,white,professional formal
706,fashionpedia_000706.jpg,23,casual hoodie or t-shirt,urban street,outerwear jacket or coat,black,professional formal
707,fashionpedia_000707.jpg,15,casual hoodie or t-shirt,urban street,outerwear jacket or coat,white,professional formal
708,fashionpedia_000708.jpg,1,casual hoodie or t-shirt,urban street,casual hoodie or t-shirt,yellow,casual relaxed
709,fashionpedia_000709.jpg,33,casual hoodie or t-shirt,urban street,outerwear jacket or coat,brown,casual relaxed
710,fashionpedia_000710.jpg,5,casual hoodie or t-shirt,urban street,outerwear jacket or coat,green,trendy streetwear
711,fashionpedia_000711.jpg,9,casual hoodie or t-shirt,office interior,outerwear jacket or coat,white,professional formal
712,fashionpedia_000712.jpg,29,casual hoodie or t-shirt,park outdoors,outerwear jacket or coat,pink,trendy streetwear
713,fashionpedia_000713.jpg,10,casual hoodie or t-shirt,park outdoors,formal blazer or button-down shirt,white,casual relaxed
714,fashionpedia_000714.jpg,10,casual hoodie or t-shirt,urban street,casual hoodie or t-shirt,red,casual relaxed
715,fashionpedia_000715.jpg,9,casual hoodie or t-shirt,urban street,outerwear jacket or coat,blue,professional formal
716,fashionpedia_000716.jpg,23,casual hoodie or t-shirt,urban street,formal blazer or button-down shirt,brown,professional formal
717,fashionpedia_000717.jpg,10,casual hoodie or t-shirt,urban street,outerwear jacket or coat,brown,casual relaxed
718,fashionpedia_000718.jpg,1,casual hoodie or t-shirt,urban street,casual hoodie or t-shirt,gray,casual relaxed
719,fashionpedia_000719.jpg,10,casual hoodie or t-shirt,urban street,formal blazer or button-down shirt,blue,professional formal
720,fashionpedia_000720.jpg,10,casual hoodie or t-shirt,park outdoors,formal blazer or button-down shirt,white,casual relaxed
721,fashionpedia_000721.jpg,0,casual hoodie or t-shirt,urban street,formal blazer or button-down shirt,black,professional formal
722,fashionpedia_000722.jpg,10,casual hoodie or t-shirt,urban street,formal blazer or button-down shirt,green,professional formal
723,fashionpedia_000723.jpg,10,casual hoodie or t-shirt,urban street,formal blazer or button-down shirt,white,professional formal
724,fashionpedia_000724.jpg,23,casual hoodie or t-shirt,urban street,formal blazer or button-down shirt,black,professional formal
725,fashionpedia_000725.jpg,10,casual hoodie or t-shirt,urban street,formal blazer or button-down shirt,blue,casual relaxed
726,fashionpedia_000726.jpg,29,casual hoodie or t-shirt,urban street,outerwear jacket or coat,black,professional formal
727,fashionpedia_000727.jpg,4,casual hoodie or t-shirt,urban street,outerwear jacket or coat,blue,casual relaxed
728,fashionpedia_000728.jpg,23,casual hoodie or t-shirt,urban street,outerwear jacket or coat,white,casual relaxed
729,fashionpedia_000729.jpg,19,casual hoodie or t-shirt,urban street,formal blazer or button-down shirt,green,casual relaxed
730,fashionpedia_000730.jpg,10,casual hoodie or t-shirt,urban street,casual hoodie or t-shirt,black,professional formal
731,fashionpedia_000731.jpg,6,casual hoodie or t-shirt,office interior,formal blazer or button-down shirt,gray,casual relaxed
732,fashionpedia_000732.jpg,10,casual hoodie or t-shirt,urban street,outerwear jacket or coat,black,trendy streetwear
733,fashionpedia_000733.jpg,4,casual hoodie or t-shirt,park outdoors,formal blazer or button-down shirt,gray,casual relaxed
734,fashionpedia_000734.jpg,23,casual hoodie or t-shirt,urban street,outerwear jacket or coat,blue,casual relaxed
735,fashionpedia_000735.jpg,14,casual hoodie or t-shirt,urban street,outerwear jacket or coat,black,casual relaxed
737,fashionpedia_000737.jpg,1,casual hoodie or t-shirt,urban street,outerwear jacket or coat,green,casual relaxed
738,fashionpedia_000738.jpg,33,casual hoodie or t-shirt,park outdoors,outerwear jacket or coat,white,trendy streetwear
739,fashionpedia_000739.jpg,23,casual hoodie or t-shirt,urban street,outerwear jacket or coat,yellow,trendy streetwear
740,fashionpedia_000740.jpg,12,casual hoodie or t-shirt,park outdoors,casual hoodie or t-shirt,brown,casual relaxed
741,fashionpedia_000741.jpg,10,casual hoodie or t-shirt,park outdoors,formal blazer or button-down shirt,white,casual relaxed
745,fashionpedia_000745.jpg,0,casual hoodie or t-shirt,urban street,casual hoodie or t-shirt,gray,trendy streetwear
746,fashionpedia_000746.jpg,22,casual hoodie or t-shirt,urban street,outerwear jacket or coat,brown,trendy streetwear
747,fashionpedia_000747.jpg,1,casual hoodie or t-shirt,urban street,outerwear jacket or coat,brown,trendy streetwear
748,fashionpedia_000748.jpg,33,casual hoodie or t-shirt,urban street,formal blazer or button-down shirt,red,casual relaxed
749,fashionpedia_000749.jpg,0,casual hoodie or t-shirt,urban street,formal blazer or button-down shirt,blue,casual relaxed
750,fashionpedia_000750.jpg,10,casual hoodie or t-shirt,urban street,outerwear jacket or coat,gray,professional formal
752,fashionpedia_000752.jpg,33,casual hoodie or t-shirt,urban street,outerwear jacket or coat,gray,cozy comfortable
753,fashionpedia_000753.jpg,23,casual hoodie or t-shirt,urban street,outerwear jacket or coat,brown,cozy comfortable
754,fashionpedia_000754.jpg,8,casual hoodie or t-shirt,urban street,outerwear jacket or coat,green,casual relaxed
755,fashionpedia_000755.jpg,10,casual hoodie or t-shirt,park outdoors,formal blazer or button-down shirt,white,casual relaxed
756,fashionpedia_000756.jpg,10,casual hoodie or t-shirt,urban street,formal blazer or button-down shirt,red,professional formal
757,fashionpedia_000757.jpg,10,casual hoodie or t-shirt,urban street,outerwear jacket or coat,green,professional formal
758,fashionpedia_000758.jpg,4,casual hoodie or t-shirt,urban street,outerwear jacket or coat,black,trendy streetwear
759,fashionpedia_000759.jpg,31,casual hoodie or t-shirt,urban street,casual hoodie or t-shirt,gray,trendy streetwear
760,fashionpedia_000760.jpg,1,casual hoodie or t-shirt,park outdoors,outerwear jacket or coat,brown,trendy streetwear
761,fashionpedia_000761.jpg,0,casual hoodie or t-shirt,urban street,formal blazer or button-down shirt,black,casual relaxed
762,fashionpedia_000762.jpg,0,casual hoodie or t-shirt,urban street,formal blazer or button-down shirt,gray,casual relaxed
763,fashionpedia_000763.jpg,10,casual hoodie or t-shirt,urban street,outerwear jacket or coat,blue,professional formal
764,fashionpedia_000764.jpg,1,casual hoodie or t-shirt,urban street,casual hoodie or t-shirt,green,casual relaxed
765,fashionpedia_000765.jpg,22,casual hoodie or t-shirt,urban street,casual hoodie or t-shirt,yellow,trendy streetwear
766,fashionpedia_000766.jpg,10,casual hoodie or t-shirt,urban street,outerwear jacket or coat,blue,casual relaxed
767,fashionpedia_000767.jpg,10,casual hoodie or t-shirt,urban street,outerwear jacket or coat,black,professional formal
768,fashionpedia_000768.jpg,8,casual hoodie or t-shirt,park outdoors,casual hoodie or t-shirt,white,casual relaxed
769,fashionpedia_000769.jpg,23,casual hoodie or t-shirt,urban street,formal blazer or button-down shirt,brown,casual relaxed
770,fashionpedia_000770.jpg,1,casual hoodie or t-shirt,urban street,casual hoodie or t-shirt,red,trendy streetwear
771,fashionpedia_000771.jpg,23,casual hoodie or t-shirt,urban street,casual hoodie or t-shirt,green,trendy streetwear
772,fashionpedia_000772.jpg,13,casual hoodie or t-shirt,urban street,outerwear jacket or coat,brown,trendy streetwear
773,fashionpedia_000773.jpg,33,casual hoodie or t-shirt,urban street,outerwear jacket or coat,black,professional formal
774,fashionpedia_000774.jpg,11,casual hoodie or t-shirt,urban street,formal blazer or button-down shirt,brown,trendy streetwear
775,fashionpedia_000775.jpg,21,casual hoodie or t-shirt,urban street,outerwear jacket or coat,black,trendy streetwear
776,fashionpedia_000776.jpg,23,casual hoodie or t-shirt,urban street,casual hoodie or t-shirt,gray,casual relaxed
777,fashionpedia_000777.jpg,10,casual hoodie or t-shirt,urban street,casual hoodie or t-shirt,gray,trendy streetwear
778,fashionpedia_000778.jpg,7,casual hoodie or t-shirt,urban street,formal blazer or button-down shirt,black,trendy streetwear
779,fashionpedia_000779.jpg,10,casual hoodie or t-shirt,urban street,outerwear jacket or coat,brown,trendy streetwear
780,fashionpedia_000780.jpg,23,casual hoodie or t-shirt,park outdoors,outerwear jacket or coat,brown,cozy comfortable
781,fashionpedia_000781.jpg,4,casual hoodie or t-shirt,urban street,outerwear jacket or coat,yellow,casual relaxed
782,fashionpedia_000782.jpg,0,casual hoodie or t-shirt,park outdoors,formal blazer or button-down shirt,black,professional formal
783,fashionpedia_000783.jpg,10,casual hoodie or t-shirt,urban street,formal blazer or button-down shirt,pink,professional formal
784,fashionpedia_000784.jpg,8,casual hoodie or t-shirt,urban street,formal blazer or button-down shirt,orange,professional formal
785,fashionpedia_000785.jpg,33,casual hoodie or t-shirt,urban street,formal blazer or button-down shirt,black,casual relaxed
786,fashionpedia_000786.jpg,10,casual hoodie or t-shirt,urban street,outerwear jacket or coat,white,cozy comfortable
787,fashionpedia_000787.jpg,14,casual hoodie or t-shirt,urban street,outerwear jacket or coat,brown,cozy comfortable
788,fashionpedia_000788.jpg,23,casual hoodie or t-shirt,urban street,formal blazer or button-down shirt,yellow,professional formal
789,fashionpedia_000789.jpg,23,casual hoodie or t-shirt,urban street,outerwear jacket or coat,black,casual relaxed
790,fashionpedia_000790.jpg,31,casual hoodie or t-shirt,urban street,formal blazer or button-down shirt,black,professional formal
791,fashionpedia_000791.jpg,23,casual hoodie or t-shirt,urban street,casual hoodie or t-shirt,gray,trendy streetwear
792,fashionpedia_000792.jpg,9,casual hoodie or t-shirt,urban street,outerwear jacket or coat,gray,cozy comfortable
793,fashionpedia_000793.jpg,1,casual hoodie or t-shirt,urban street,formal blazer or button-down shirt,white,casual relaxed
794,fashionpedia_000794.jpg,0,casual hoodie or t-shirt,office interior,outerwear jacket or coat,black,professional formal
795,fashionpedia_000795.jpg,33,casual hoodie or t-shirt,urban street,casual hoodie or t-shirt,blue,trendy streetwear
796,fashionpedia_000796.jpg,23,casual hoodie or t-shirt,urban street,outerwear jacket or coat,black,trendy streetwear
797,fashionpedia_000797.jpg,23,casual hoodie or t-shirt,urban street,formal blazer or button-down shirt,brown,casual relaxed
798,fashionpedia_000798.jpg,9,casual hoodie or t-shirt,urban street,formal blazer or button-down shirt,black,casual relaxed
799,fashionpedia_000799.jpg,23,casual hoodie or t-shirt,urban street,outerwear jacket or coat,white,professional formal
800,fashionpedia_000800.jpg,6,casual hoodie or t-shirt,urban street,casual hoodie or t-shirt,white,casual relaxed
801,fashionpedia_000801.jpg,33,casual hoodie or t-shirt,urban street,outerwear jacket or coat,red,professional formal
802,fashionpedia_000802.jpg,6,casual hoodie or t-shirt,urban street,casual hoodie or t-shirt,gray,trendy streetwear
803,fashionpedia_000803.jpg,11,casual hoodie or t-shirt,park outdoors,casual hoodie or t-shirt,blue,casual relaxed
804,fashionpedia_000804.jpg,10,casual hoodie or t-shirt,urban street,formal blazer or button-down shirt,brown,casual relaxed
805,fashionpedia_000805.jpg,10,casual hoodie or t-shirt,urban street,formal blazer or button-down shirt,red,professional formal
806,fashionpedia_000806.jpg,10,casual hoodie or t-shirt,urban street,outerwear jacket or coat,black,professional formal
807,fashionpedia_000807.jpg,18,casual hoodie or t-shirt,urban street,outerwear jacket or coat,gray,trendy streetwear
808,fashionpedia_000808.jpg,32,casual hoodie or t-shirt,urban street,formal blazer or button-down shirt,black,casual relaxed
809,fashionpedia_000809.jpg,10,casual hoodie or t-shirt,urban street,formal blazer or button-down shirt,black,professional formal
810,fashionpedia_000810.jpg,23,casual hoodie or t-shirt,urban street,formal blazer or button-down shirt,black,casual relaxed
811,fashionpedia_000811.jpg,23,casual hoodie or t-shirt,urban street,formal blazer or button-down shirt,blue,professional formal
812,fashionpedia_000812.jpg,12,casual hoodie or t-shirt,urban street,outerwear jacket or coat,black,trendy streetwear
813,fashionpedia_000813.jpg,10,casual hoodie or t-shirt,urban street,formal blazer or button-down shirt,white,trendy streetwear
814,fashionpedia_000814.jpg,8,casual hoodie or t-shirt,urban street,outerwear jacket or coat,black,trendy streetwear
815,fashionpedia_000815.jpg,23,casual hoodie or t-shirt,urban street,outerwear jacket or coat,gray,trendy streetwear
816,fashionpedia_000816.jpg,28,casual hoodie or t-shirt,urban street,formal blazer or button-down shirt,white,casual relaxed
817,fashionpedia_000817.jpg,31,casual hoodie or t-shirt,urban street,formal blazer or button-down shirt,blue,casual relaxed
818,fashionpedia_000818.jpg,9,casual hoodie or t-shirt,urban street,formal blazer or button-down shirt,brown,casual relaxed
819,fashionpedia_000819.jpg,10,casual hoodie or t-shirt,urban street,outerwear jacket or coat,gray,professional formal
820,fashionpedia_000820.jpg,10,casual hoodie or t-shirt,urban street,outerwear jacket or coat,pink,professional formal
821,fashionpedia_000821.jpg,23,casual hoodie or t-shirt,urban street,formal blazer or button-down shirt,gray,casual relaxed
822,fashionpedia_000822.jpg,23,casual hoodie or t-shirt,urban street,outerwear jacket or coat,red,professional formal
823,fashionpedia_000823.jpg,10,casual hoodie or t-shirt,urban street,formal blazer or button-down shirt,white,casual relaxed
824,fashionpedia_000824.jpg,10,casual hoodie or t-shirt,urban street,formal blazer or button-down shirt,blue,casual relaxed
825,fashionpedia_000825.jpg,10,casual hoodie or t-shirt,urban street,outerwear jacket or coat,white,casual relaxed
826,fashionpedia_000826.jpg,1,casual hoodie or t-shirt,urban street,outerwear jacket or coat,brown,professional formal
827,fashionpedia_000827.jpg,10,casual hoodie or t-shirt,urban street,formal blazer or button-down shirt,green,casual relaxed
828,fashionpedia_000828.jpg,31,casual hoodie or t-shirt,urban street,outerwear jacket or coat,red,trendy streetwear
829,fashionpedia_000829.jpg,10,casual hoodie or t-shirt,urban street,outerwear jacket or coat,white,professional formal
830,fashionpedia_000830.jpg,1,casual hoodie or t-shirt,urban street,outerwear jacket or coat,white,casual relaxed
831,fashionpedia_000831.jpg,10,casual hoodie or t-shirt,urban street,formal blazer or button-down shirt,brown,professional formal
832,fashionpedia_000832.jpg,1,casual hoodie or t-shirt,park outdoors,outerwear jacket or coat,brown,cozy comfortable
833,fashionpedia_000833.jpg,15,casual hoodie or t-shirt,urban street,outerwear jacket or coat,brown,cozy comfortable
834,fashionpedia_000834.jpg,13,casual hoodie or t-shirt,urban street,casual hoodie or t-shirt,blue,casual relaxed
835,fashionpedia_000835.jpg,10,casual hoodie or t-shirt,urban street,outerwear jacket or coat,pink,professional formal
836,fashionpedia_000836.jpg,10,casual hoodie or t-shirt,urban street,outerwear jacket or coat,black,professional formal
837,fashionpedia_000837.jpg,10,casual hoodie or t-shirt,urban street,outerwear jacket or coat,brown,professional formal
838,fashionpedia_000838.jpg,8,casual hoodie or t-shirt,park outdoors,formal blazer or button-down shirt,white,casual relaxed
839,fashionpedia_000839.jpg,31,casual hoodie or t-shirt,urban street,outerwear jacket or coat,blue,casual relaxed
840,fashionpedia_000840.jpg,10,casual hoodie or t-shirt,park outdoors,formal blazer or button-down shirt,green,casual relaxed
841,fashionpedia_000841.jpg,23,casual hoodie or t-shirt,urban street,outerwear jacket or coat,yellow,trendy streetwear
842,fashionpedia_000842.jpg,10,casual hoodie or t-shirt,urban street,outerwear jacket or coat,black,professional formal
843,fashionpedia_000843.jpg,4,casual hoodie or t-shirt,urban street,outerwear jacket or coat,red,professional formal
844,fashionpedia_000844.jpg,33,casual hoodie or t-shirt,park outdoors,outerwear jacket or coat,red,casual relaxed
845,fashionpedia_000845.jpg,1,casual hoodie or t-shirt,urban street,formal blazer or button-down shirt,orange,casual relaxed
846,fashionpedia_000846.jpg,1,casual hoodie or t-shirt,urban street,outerwear jacket or coat,black,trendy streetwear
847,fashionpedia_000847.jpg,25,casual hoodie or t-shirt,urban street,formal blazer or button-down shirt,blue,casual relaxed
848,fashionpedia_000848.jpg,14,casual hoodie or t-shirt,park outdoors,outerwear jacket or coat,yellow,trendy streetwear
849,fashionpedia_000849.jpg,23,casual hoodie or t-shirt,urban street,outerwear jacket or coat,black,trendy streetwear
850,fashionpedia_000850.jpg,23,casual hoodie or t-shirt,park outdoors,casual hoodie or t-shirt,yellow,trendy streetwear
851,fashionpedia_000851.jpg,28,casual hoodie or t-shirt,urban street,outerwear jacket or coat,brown,trendy streetwear
852,fashionpedia_000852.jpg,1,casual hoodie or t-shirt,urban street,formal blazer or button-down shirt,brown,casual relaxed
853,fashionpedia_000853.jpg,10,casual hoodie or t-shirt,urban street,formal blazer or button-down shirt,green,casual relaxed
854,fashionpedia_000854.jpg,7,casual hoodie or t-shirt,urban street,formal blazer or button-down shirt,white,casual relaxed
855,fashionpedia_000855.jpg,10,casual hoodie or t-shirt,park outdoors,formal blazer or button-down shirt,pink,casual relaxed
856,fashionpedia_000856.jpg,1,casual hoodie or t-shirt,urban street,formal blazer or button-down shirt,yellow,casual relaxed
857,fashionpedia_000857.jpg,0,casual hoodie or t-shirt,urban street,formal blazer or button-down shirt,black,professional formal
858,fashionpedia_000858.jpg,1,casual hoodie or t-shirt,park outdoors,casual hoodie or t-shirt,brown,trendy streetwear
859,fashionpedia_000859.jpg,10,casual hoodie or t-shirt,urban street,formal blazer or button-down shirt,green,professional formal
860,fashionpedia_000860.jpg,1,casual hoodie or t-shirt,urban street,outerwear jacket or coat,black,professional formal
